loan_id,default_prob,default_flag,risk_band
LN0009468,0.1595,0,LOW
LN0014847,0.0795,0,LOW
LN0011993,0.1381,0,LOW
LN0012068,0.3736,0,MEDIUM
LN0001934,0.66,1,HIGH
LN0010729,0.6584,1,HIGH
LN0007719,0.5868,0,MEDIUM
LN0000664,0.1073,0,LOW
LN0015709,0.1532,0,LOW
LN0014647,0.0972,0,LOW
LN0001763,0.0778,0,LOW
LN0009347,0.2725,0,LOW
LN0014355,0.0644,0,LOW
LN0005960,0.7568,1,HIGH
LN0006092,0.0854,0,LOW
LN0015097,0.8099,1,HIGH
LN0002768,0.883,1,HIGH
LN0016313,0.1681,0,LOW
LN0011108,0.2242,0,LOW
LN0007532,0.0874,0,LOW
LN0010094,0.1282,0,LOW
LN0007993,0.9661,1,HIGH
LN0013280,0.0881,0,LOW
LN0014967,0.9289,1,HIGH
LN0016422,0.2098,0,LOW
LN0004649,0.4033,0,MEDIUM
LN0006548,0.1088,0,LOW
LN0005907,0.9622,1,HIGH
LN0014035,0.1071,0,LOW
LN0003702,0.1008,0,LOW
LN0016196,0.3045,0,LOW
LN0012783,0.4809,0,MEDIUM
LN0001940,0.1662,0,LOW
LN0017689,0.9821,1,HIGH
LN0017133,0.1085,0,LOW
LN0014578,0.8759,1,HIGH
LN0006539,0.4834,0,MEDIUM
LN0007522,0.1833,0,LOW
LN0016580,0.4741,0,MEDIUM
LN0014706,0.9749,1,HIGH
LN0000860,0.0809,0,LOW
LN0001853,0.1039,0,LOW
LN0010614,0.1751,0,LOW
LN0013836,0.8266,1,HIGH
LN0003840,0.3545,0,MEDIUM
LN0008229,0.1029,0,LOW
LN0010396,0.0892,0,LOW
LN0014235,0.4358,0,MEDIUM
LN0002968,0.1949,0,LOW
LN0004929,0.1264,0,LOW
LN0013077,0.0907,0,LOW
LN0012147,0.6441,1,HIGH
LN0007428,0.59,0,MEDIUM
LN0012821,0.3211,0,LOW
LN0014819,0.447,0,MEDIUM
LN0001099,0.1214,0,LOW
LN0000681,0.1307,0,LOW
LN0001230,0.9287,1,HIGH
LN0006360,0.9742,1,HIGH
LN0005985,0.9575,1,HIGH
LN0017208,0.2794,0,LOW
LN0016522,0.0592,0,LOW
LN0005620,0.0998,0,LOW
LN0008278,0.4934,0,MEDIUM
LN0000116,0.1392,0,LOW
LN0010852,0.2001,0,LOW
LN0002820,0.1281,0,LOW
LN0001762,0.5548,0,MEDIUM
LN0015190,0.2448,0,LOW
LN0001272,0.1282,0,LOW
LN0016015,0.7833,1,HIGH
LN0015335,0.971,1,HIGH
LN0007981,0.5386,0,MEDIUM
LN0003319,0.1758,0,LOW
LN0010542,0.3137,0,LOW
LN0003201,0.0745,0,LOW
LN0013157,0.1124,0,LOW
LN0001811,0.877,1,HIGH
LN0010774,0.3833,0,MEDIUM
LN0013183,0.8068,1,HIGH
LN0010705,0.1499,0,LOW
LN0001377,0.1071,0,LOW
LN0007578,0.2889,0,LOW
LN0006556,0.5795,0,MEDIUM
LN0006986,0.0652,0,LOW
LN0003169,0.8999,1,HIGH
LN0007813,0.0858,0,LOW
LN0009107,0.0839,0,LOW
LN0005998,0.5335,0,MEDIUM
LN0015633,0.389,0,MEDIUM
LN0005537,0.6863,1,HIGH
LN0012286,0.2642,0,LOW
LN0017334,0.9804,1,HIGH
LN0005662,0.7758,1,HIGH
LN0006372,0.1307,0,LOW
LN0002720,0.7023,1,HIGH
LN0017603,0.1171,0,LOW
LN0009204,0.7775,1,HIGH
LN0010868,0.8694,1,HIGH
LN0010214,0.3805,0,MEDIUM
LN0008183,0.9727,1,HIGH
LN0010694,0.9284,1,HIGH
LN0016550,0.1203,0,LOW
LN0008988,0.0532,0,LOW
LN0013225,0.123,0,LOW
LN0007871,0.3887,0,MEDIUM
LN0010696,0.0856,0,LOW
LN0015941,0.1553,0,LOW
LN0005436,0.2199,0,LOW
LN0012556,0.4616,0,MEDIUM
LN0014237,0.981,1,HIGH
LN0007191,0.2272,0,LOW
LN0004496,0.9564,1,HIGH
LN0006343,0.135,0,LOW
LN0009079,0.1815,0,LOW
LN0017720,0.2114,0,LOW
LN0012809,0.0898,0,LOW
LN0017872,0.887,1,HIGH
LN0012450,0.0694,0,LOW
LN0008502,0.9621,1,HIGH
LN0001970,0.1483,0,LOW
LN0010757,0.3281,0,LOW
LN0011042,0.088,0,LOW
LN0009278,0.1618,0,LOW
LN0006990,0.3794,0,MEDIUM
LN0016704,0.4991,0,MEDIUM
LN0017202,0.9582,1,HIGH
LN0011054,0.0974,0,LOW
LN0015824,0.125,0,LOW
LN0010181,0.8319,1,HIGH
LN0002870,0.5458,0,MEDIUM
LN0000206,0.8547,1,HIGH
LN0002812,0.0922,0,LOW
LN0014367,0.6354,1,HIGH
LN0007923,0.329,0,LOW
LN0016132,0.0826,0,LOW
LN0003744,0.1129,0,LOW
LN0010423,0.0909,0,LOW
LN0000127,0.1108,0,LOW
LN0013795,0.6152,0,HIGH
LN0014292,0.9835,1,HIGH
LN0010527,0.3472,0,LOW
LN0013870,0.9494,1,HIGH
LN0001268,0.0777,0,LOW
LN0001257,0.1,0,LOW
LN0011684,0.7365,1,HIGH
LN0017196,0.1016,0,LOW
LN0008598,0.4339,0,MEDIUM
LN0000581,0.14,0,LOW
LN0017310,0.2797,0,LOW
LN0015730,0.6026,0,HIGH
LN0004341,0.2974,0,LOW
LN0003691,0.8807,1,HIGH
LN0014026,0.3941,0,MEDIUM
LN0001829,0.784,1,HIGH
LN0008839,0.9774,1,HIGH
LN0010572,0.1039,0,LOW
LN0001168,0.1913,0,LOW
LN0001926,0.7983,1,HIGH
LN0008554,0.4902,0,MEDIUM
LN0005570,0.7109,1,HIGH
LN0006571,0.4771,0,MEDIUM
LN0000588,0.1727,0,LOW
LN0017074,0.3669,0,MEDIUM
LN0006375,0.4268,0,MEDIUM
LN0013723,0.126,0,LOW
LN0015965,0.9763,1,HIGH
LN0005819,0.5174,0,MEDIUM
LN0000079,0.9347,1,HIGH
LN0015148,0.4707,0,MEDIUM
LN0014811,0.1559,0,LOW
LN0009822,0.3916,0,MEDIUM
LN0005725,0.0808,0,LOW
LN0017984,0.1418,0,LOW
LN0002762,0.9787,1,HIGH
LN0004073,0.2284,0,LOW
LN0016610,0.1118,0,LOW
LN0004560,0.1744,0,LOW
LN0004778,0.3907,0,MEDIUM
LN0016758,0.4483,0,MEDIUM
LN0014232,0.9553,1,HIGH
LN0014687,0.2914,0,LOW
LN0016504,0.1499,0,LOW
LN0005627,0.2751,0,LOW
LN0011590,0.1619,0,LOW
LN0009915,0.5669,0,MEDIUM
LN0006133,0.3624,0,MEDIUM
LN0003554,0.8009,1,HIGH
LN0003332,0.8232,1,HIGH
LN0006440,0.3846,0,MEDIUM
LN0001020,0.132,0,LOW
LN0002290,0.1305,0,LOW
LN0014765,0.4423,0,MEDIUM
LN0005094,0.0603,0,LOW
LN0016282,0.891,1,HIGH
LN0013987,0.1104,0,LOW
LN0016794,0.0749,0,LOW
LN0009340,0.1609,0,LOW
LN0016786,0.1871,0,LOW
LN0005760,0.2344,0,LOW
LN0010168,0.3651,0,MEDIUM
LN0006275,0.4326,0,MEDIUM
LN0005935,0.1873,0,LOW
LN0015771,0.1271,0,LOW
LN0009703,0.9776,1,HIGH
LN0007080,0.9709,1,HIGH
LN0015440,0.0964,0,LOW
LN0014574,0.0693,0,LOW
LN0016521,0.0823,0,LOW
LN0010315,0.1235,0,LOW
LN0004737,0.5601,0,MEDIUM
LN0004301,0.1957,0,LOW
LN0016850,0.3385,0,LOW
LN0000405,0.4087,0,MEDIUM
LN0009224,0.3559,0,MEDIUM
LN0002072,0.2192,0,LOW
LN0007209,0.8129,1,HIGH
LN0002724,0.7673,1,HIGH
LN0010489,0.1261,0,LOW
LN0006341,0.1491,0,LOW
LN0017930,0.1326,0,LOW
LN0016358,0.8908,1,HIGH
LN0012317,0.982,1,HIGH
LN0017857,0.1455,0,LOW
LN0006566,0.0557,0,LOW
LN0000153,0.2169,0,LOW
LN0014294,0.0679,0,LOW
LN0012836,0.1852,0,LOW
LN0002425,0.9105,1,HIGH
LN0000483,0.4333,0,MEDIUM
LN0013068,0.2094,0,LOW
LN0017155,0.1768,0,LOW
LN0009558,0.9274,1,HIGH
LN0000781,0.1305,0,LOW
LN0015505,0.794,1,HIGH
LN0012936,0.2941,0,LOW
LN0015879,0.0733,0,LOW
LN0013944,0.3048,0,LOW
LN0009767,0.1978,0,LOW
LN0002377,0.0824,0,LOW
LN0011719,0.0808,0,LOW
LN0010508,0.2097,0,LOW
LN0013418,0.0766,0,LOW
LN0012735,0.1655,0,LOW
LN0017312,0.0901,0,LOW
LN0000527,0.1283,0,LOW
LN0016563,0.9086,1,HIGH
LN0013365,0.6783,1,HIGH
LN0008812,0.174,0,LOW
LN0008809,0.3992,0,MEDIUM
LN0004613,0.7583,1,HIGH
LN0011175,0.205,0,LOW
LN0016028,0.9159,1,HIGH
LN0006296,0.9826,1,HIGH
LN0004612,0.9681,1,HIGH
LN0014722,0.185,0,LOW
LN0015508,0.2379,0,LOW
LN0013071,0.9027,1,HIGH
LN0016002,0.2077,0,LOW
LN0004083,0.8431,1,HIGH
LN0010117,0.2363,0,LOW
LN0000632,0.5073,0,MEDIUM
LN0001313,0.0944,0,LOW
LN0000771,0.0788,0,LOW
LN0007379,0.2998,0,LOW
LN0010182,0.8701,1,HIGH
LN0000191,0.1383,0,LOW
LN0013411,0.9808,1,HIGH
LN0017991,0.2659,0,LOW
LN0011443,0.1416,0,LOW
LN0011197,0.9246,1,HIGH
LN0002218,0.9811,1,HIGH
LN0002503,0.1501,0,LOW
LN0017742,0.9526,1,HIGH
LN0016334,0.8313,1,HIGH
LN0003569,0.4934,0,MEDIUM
LN0001344,0.7619,1,HIGH
LN0015209,0.3115,0,LOW
LN0007575,0.9697,1,HIGH
LN0013860,0.2339,0,LOW
LN0000661,0.2039,0,LOW
LN0013425,0.1337,0,LOW
LN0003710,0.8484,1,HIGH
LN0015038,0.2532,0,LOW
LN0008366,0.1427,0,LOW
LN0013105,0.6884,1,HIGH
LN0006255,0.7044,1,HIGH
LN0011223,0.0886,0,LOW
LN0003842,0.8012,1,HIGH
LN0010574,0.1689,0,LOW
LN0004876,0.3002,0,LOW
LN0015258,0.8406,1,HIGH
LN0004196,0.8066,1,HIGH
LN0006603,0.3842,0,MEDIUM
LN0017641,0.138,0,LOW
LN0015943,0.7436,1,HIGH
LN0009969,0.8578,1,HIGH
LN0013538,0.4817,0,MEDIUM
LN0010739,0.286,0,LOW
LN0011898,0.0948,0,LOW
LN0003241,0.2145,0,LOW
LN0000090,0.0899,0,LOW
LN0003331,0.9012,1,HIGH
LN0012238,0.1397,0,LOW
LN0002196,0.1042,0,LOW
LN0011172,0.3438,0,LOW
LN0014711,0.074,0,LOW
LN0003864,0.9802,1,HIGH
LN0003628,0.9799,1,HIGH
LN0005645,0.1768,0,LOW
LN0013823,0.518,0,MEDIUM
LN0001995,0.4049,0,MEDIUM
LN0006410,0.9477,1,HIGH
LN0012678,0.6038,0,HIGH
LN0001241,0.772,1,HIGH
LN0013396,0.5666,0,MEDIUM
LN0010654,0.3187,0,LOW
LN0000286,0.0965,0,LOW
LN0013728,0.0968,0,LOW
LN0017020,0.0707,0,LOW
LN0009581,0.0859,0,LOW
LN0003278,0.1038,0,LOW
LN0006564,0.948,1,HIGH
LN0003675,0.863,1,HIGH
LN0007658,0.447,0,MEDIUM
LN0014287,0.0856,0,LOW
LN0011623,0.0919,0,LOW
LN0014290,0.095,0,LOW
LN0002963,0.3989,0,MEDIUM
LN0012395,0.27,0,LOW
LN0000259,0.0774,0,LOW
LN0014821,0.9519,1,HIGH
LN0006512,0.4562,0,MEDIUM
LN0005312,0.2841,0,LOW
LN0001357,0.1188,0,LOW
LN0010545,0.8422,1,HIGH
LN0011169,0.1703,0,LOW
LN0008838,0.1412,0,LOW
LN0003293,0.203,0,LOW
LN0015539,0.6836,1,HIGH
LN0003728,0.0933,0,LOW
LN0009440,0.1107,0,LOW
LN0000930,0.2277,0,LOW
LN0005443,0.2644,0,LOW
LN0005778,0.1652,0,LOW
LN0017593,0.0781,0,LOW
LN0012156,0.1753,0,LOW
LN0001760,0.3038,0,LOW
LN0013172,0.2445,0,LOW
LN0009765,0.1197,0,LOW
LN0000854,0.6902,1,HIGH
LN0012189,0.3166,0,LOW
LN0014415,0.5229,0,MEDIUM
LN0011716,0.8284,1,HIGH
LN0009753,0.962,1,HIGH
LN0008842,0.9544,1,HIGH
LN0008113,0.1308,0,LOW
LN0006997,0.1829,0,LOW
LN0015043,0.2191,0,LOW
LN0005727,0.6663,1,HIGH
LN0013914,0.1155,0,LOW
LN0014179,0.0672,0,LOW
LN0000413,0.092,0,LOW
LN0000615,0.6152,0,HIGH
LN0004832,0.81,1,HIGH
LN0016682,0.9489,1,HIGH
LN0009048,0.8982,1,HIGH
LN0005311,0.9097,1,HIGH
LN0015578,0.1991,0,LOW
LN0004379,0.4847,0,MEDIUM
LN0003105,0.8948,1,HIGH
LN0010333,0.6575,1,HIGH
LN0009450,0.8813,1,HIGH
LN0011547,0.839,1,HIGH
LN0008612,0.1254,0,LOW
LN0002034,0.8196,1,HIGH
LN0006173,0.1284,0,LOW
LN0016371,0.3227,0,LOW
LN0007520,0.8714,1,HIGH
LN0004965,0.0711,0,LOW
LN0012942,0.2709,0,LOW
LN0010059,0.3435,0,LOW
LN0016851,0.2127,0,LOW
LN0017542,0.9541,1,HIGH
LN0006592,0.9822,1,HIGH
LN0013528,0.0764,0,LOW
LN0000662,0.9384,1,HIGH
LN0008860,0.1222,0,LOW
LN0013110,0.1227,0,LOW
LN0005751,0.1302,0,LOW
LN0016205,0.4038,0,MEDIUM
LN0001908,0.0934,0,LOW
LN0015818,0.9421,1,HIGH
LN0000877,0.0972,0,LOW
LN0004883,0.1398,0,LOW
LN0013775,0.4755,0,MEDIUM
LN0001022,0.618,0,HIGH
LN0004471,0.9616,1,HIGH
LN0005809,0.1415,0,LOW
LN0016083,0.1348,0,LOW
LN0002600,0.0729,0,LOW
LN0013238,0.077,0,LOW
LN0008849,0.2922,0,LOW
LN0012577,0.2936,0,LOW
LN0001623,0.2076,0,LOW
LN0003452,0.976,1,HIGH
LN0009492,0.3123,0,LOW
LN0011664,0.3151,0,LOW
LN0016645,0.2662,0,LOW
LN0001652,0.9645,1,HIGH
LN0010903,0.0693,0,LOW
LN0002530,0.3864,0,MEDIUM
LN0013738,0.4034,0,MEDIUM
LN0011685,0.6711,1,HIGH
LN0006083,0.1116,0,LOW
LN0006894,0.8388,1,HIGH
LN0009588,0.5851,0,MEDIUM
LN0001590,0.1006,0,LOW
LN0006768,0.3252,0,LOW
LN0006069,0.4834,0,MEDIUM
LN0015359,0.4284,0,MEDIUM
LN0017473,0.2758,0,LOW
LN0008821,0.0922,0,LOW
LN0016216,0.0728,0,LOW
LN0009551,0.9703,1,HIGH
LN0011084,0.8964,1,HIGH
LN0002970,0.1028,0,LOW
LN0014037,0.1716,0,LOW
LN0004269,0.4154,0,MEDIUM
LN0000828,0.2272,0,LOW
LN0004155,0.9689,1,HIGH
LN0003944,0.1422,0,LOW
LN0006681,0.1037,0,LOW
LN0015734,0.1039,0,LOW
LN0010643,0.0725,0,LOW
LN0017033,0.9246,1,HIGH
LN0014503,0.0662,0,LOW
LN0012798,0.1706,0,LOW
LN0004969,0.1146,0,LOW
LN0016424,0.5994,0,MEDIUM
LN0016940,0.9355,1,HIGH
LN0016930,0.9562,1,HIGH
LN0004859,0.9387,1,HIGH
LN0000283,0.947,1,HIGH
LN0008245,0.0602,0,LOW
LN0005037,0.1616,0,LOW
LN0003984,0.9756,1,HIGH
LN0017809,0.4152,0,MEDIUM
LN0016164,0.1858,0,LOW
LN0008739,0.1214,0,LOW
LN0003472,0.0795,0,LOW
LN0017083,0.5635,0,MEDIUM
LN0000704,0.5616,0,MEDIUM
LN0003343,0.1241,0,LOW
LN0004559,0.0928,0,LOW
LN0004361,0.4319,0,MEDIUM
LN0012051,0.6116,0,HIGH
LN0015751,0.1286,0,LOW
LN0017573,0.13,0,LOW
LN0016598,0.3161,0,LOW
LN0005040,0.4307,0,MEDIUM
LN0003082,0.591,0,MEDIUM
LN0008844,0.5995,0,MEDIUM
LN0011949,0.0957,0,LOW
LN0009663,0.1391,0,LOW
LN0000359,0.9308,1,HIGH
LN0001242,0.9749,1,HIGH
LN0009655,0.1148,0,LOW
LN0011895,0.7218,1,HIGH
LN0011830,0.0689,0,LOW
LN0004213,0.7434,1,HIGH
LN0002431,0.2935,0,LOW
LN0013551,0.9588,1,HIGH
LN0002170,0.3834,0,MEDIUM
LN0011928,0.0739,0,LOW
LN0000537,0.115,0,LOW
LN0000667,0.0842,0,LOW
LN0012875,0.7483,1,HIGH
LN0007990,0.3351,0,LOW
LN0014760,0.321,0,LOW
LN0011411,0.0956,0,LOW
LN0010103,0.1374,0,LOW
LN0017504,0.1266,0,LOW
LN0011031,0.1163,0,LOW
LN0004433,0.5935,0,MEDIUM
LN0012756,0.4622,0,MEDIUM
LN0003312,0.1514,0,LOW
LN0000025,0.5922,0,MEDIUM
LN0002180,0.2029,0,LOW
LN0012089,0.1016,0,LOW
LN0004577,0.5117,0,MEDIUM
LN0007197,0.8686,1,HIGH
LN0006630,0.9456,1,HIGH
LN0005133,0.125,0,LOW
LN0011427,0.5196,0,MEDIUM
LN0012764,0.0686,0,LOW
LN0010486,0.4052,0,MEDIUM
LN0011884,0.9363,1,HIGH
LN0013184,0.0539,0,LOW
LN0007184,0.487,0,MEDIUM
LN0005440,0.9581,1,HIGH
LN0001317,0.0524,0,LOW
LN0017556,0.7234,1,HIGH
LN0004034,0.1211,0,LOW
LN0017413,0.1164,0,LOW
LN0012016,0.2978,0,LOW
LN0010967,0.1704,0,LOW
LN0017210,0.2448,0,LOW
LN0010268,0.1342,0,LOW
LN0012176,0.2232,0,LOW
LN0006520,0.143,0,LOW
LN0006155,0.2807,0,LOW
LN0005348,0.2615,0,LOW
LN0000805,0.0825,0,LOW
LN0000888,0.0994,0,LOW
LN0001751,0.5832,0,MEDIUM
LN0002262,0.9594,1,HIGH
LN0001305,0.3017,0,LOW
LN0005142,0.4024,0,MEDIUM
LN0000720,0.8592,1,HIGH
LN0005042,0.1686,0,LOW
LN0017568,0.1508,0,LOW
LN0007562,0.0846,0,LOW
LN0009011,0.8181,1,HIGH
LN0006842,0.0926,0,LOW
LN0017395,0.558,0,MEDIUM
LN0000914,0.9376,1,HIGH
LN0010686,0.2331,0,LOW
LN0000366,0.1132,0,LOW
LN0003253,0.388,0,MEDIUM
LN0002660,0.435,0,MEDIUM
LN0005828,0.1416,0,LOW
LN0017047,0.9478,1,HIGH
LN0016945,0.3811,0,MEDIUM
LN0007194,0.0871,0,LOW
LN0006117,0.0779,0,LOW
LN0003301,0.2189,0,LOW
LN0000782,0.8042,1,HIGH
LN0017817,0.2714,0,LOW
LN0001817,0.1209,0,LOW
LN0016453,0.9665,1,HIGH
LN0014268,0.1273,0,LOW
LN0014435,0.0984,0,LOW
LN0010760,0.326,0,LOW
LN0015636,0.9304,1,HIGH
LN0000823,0.5001,0,MEDIUM
LN0006377,0.3111,0,LOW
LN0015518,0.1364,0,LOW
LN0001185,0.0883,0,LOW
LN0001568,0.0622,0,LOW
LN0008437,0.4211,0,MEDIUM
LN0001152,0.3015,0,LOW
LN0017545,0.1032,0,LOW
LN0016781,0.1083,0,LOW
LN0017309,0.7295,1,HIGH
LN0007762,0.9103,1,HIGH
LN0015951,0.5834,0,MEDIUM
LN0001578,0.275,0,LOW
LN0009701,0.684,1,HIGH
LN0000956,0.5108,0,MEDIUM
LN0008520,0.0731,0,LOW
LN0014816,0.137,0,LOW
LN0011066,0.211,0,LOW
LN0005540,0.3113,0,LOW
LN0001918,0.4563,0,MEDIUM
LN0007569,0.1407,0,LOW
LN0002243,0.0847,0,LOW
LN0003431,0.0905,0,LOW
LN0002428,0.9574,1,HIGH
LN0014607,0.6949,1,HIGH
LN0003006,0.1036,0,LOW
LN0004791,0.1482,0,LOW
LN0004184,0.3162,0,LOW
LN0010136,0.2232,0,LOW
LN0017203,0.1264,0,LOW
LN0010683,0.8852,1,HIGH
LN0016828,0.1842,0,LOW
LN0011151,0.5978,0,MEDIUM
LN0015592,0.2343,0,LOW
LN0000831,0.9454,1,HIGH
LN0008175,0.2924,0,LOW
LN0005155,0.737,1,HIGH
LN0001343,0.9676,1,HIGH
LN0008907,0.1268,0,LOW
LN0002531,0.895,1,HIGH
LN0009191,0.094,0,LOW
LN0010826,0.0803,0,LOW
LN0000505,0.1005,0,LOW
LN0009654,0.9616,1,HIGH
LN0009399,0.5864,0,MEDIUM
LN0016518,0.1146,0,LOW
LN0010853,0.1459,0,LOW
LN0014119,0.5415,0,MEDIUM
LN0007612,0.2896,0,LOW
LN0005780,0.4528,0,MEDIUM
LN0009908,0.8042,1,HIGH
LN0006800,0.3255,0,LOW
LN0007858,0.0911,0,LOW
LN0007161,0.1267,0,LOW
LN0014044,0.186,0,LOW
LN0014539,0.5438,0,MEDIUM
LN0012691,0.2136,0,LOW
LN0012932,0.0708,0,LOW
LN0016740,0.8405,1,HIGH
LN0011164,0.9676,1,HIGH
LN0001885,0.9233,1,HIGH
LN0010965,0.749,1,HIGH
LN0016971,0.9569,1,HIGH
LN0002444,0.1165,0,LOW
LN0017388,0.2601,0,LOW
LN0006447,0.1109,0,LOW
LN0007698,0.4304,0,MEDIUM
LN0004838,0.0972,0,LOW
LN0017102,0.1426,0,LOW
LN0001103,0.6662,1,HIGH
LN0009257,0.587,0,MEDIUM
LN0002097,0.1017,0,LOW
LN0004633,0.7574,1,HIGH
LN0007065,0.969,1,HIGH
LN0011415,0.1033,0,LOW
LN0010005,0.1427,0,LOW
LN0017135,0.1015,0,LOW
LN0013950,0.547,0,MEDIUM
LN0009974,0.2731,0,LOW
LN0007351,0.1659,0,LOW
LN0002434,0.0995,0,LOW
LN0008707,0.9713,1,HIGH
LN0017620,0.4698,0,MEDIUM
LN0012729,0.1136,0,LOW
LN0011552,0.1229,0,LOW
LN0001803,0.1312,0,LOW
LN0004233,0.4161,0,MEDIUM
LN0002017,0.1513,0,LOW
LN0001518,0.4109,0,MEDIUM
LN0010387,0.0894,0,LOW
LN0006475,0.0831,0,LOW
LN0011262,0.1499,0,LOW
LN0010071,0.0777,0,LOW
LN0008600,0.7139,1,HIGH
LN0006277,0.8872,1,HIGH
LN0004259,0.8761,1,HIGH
LN0004855,0.1089,0,LOW
LN0006925,0.1381,0,LOW
LN0008854,0.5412,0,MEDIUM
LN0011616,0.9618,1,HIGH
LN0008767,0.1696,0,LOW
LN0003021,0.706,1,HIGH
LN0004977,0.4927,0,MEDIUM
LN0012772,0.1028,0,LOW
LN0012782,0.437,0,MEDIUM
LN0003923,0.9663,1,HIGH
LN0009029,0.9747,1,HIGH
LN0011658,0.0811,0,LOW
LN0017772,0.2314,0,LOW
LN0012501,0.1178,0,LOW
LN0001530,0.4893,0,MEDIUM
LN0011564,0.5613,0,MEDIUM
LN0005161,0.9177,1,HIGH
LN0002784,0.9041,1,HIGH
LN0013705,0.375,0,MEDIUM
LN0005411,0.8163,1,HIGH
LN0016326,0.0906,0,LOW
LN0014173,0.0922,0,LOW
LN0011422,0.5582,0,MEDIUM
LN0014296,0.0725,0,LOW
LN0017964,0.3678,0,MEDIUM
LN0007393,0.0966,0,LOW
LN0007215,0.6425,1,HIGH
LN0001423,0.0857,0,LOW
LN0017760,0.3145,0,LOW
LN0012650,0.1209,0,LOW
LN0004579,0.9768,1,HIGH
LN0008200,0.5073,0,MEDIUM
LN0012015,0.5537,0,MEDIUM
LN0014538,0.2468,0,LOW
LN0004645,0.1661,0,LOW
LN0005608,0.0593,0,LOW
LN0015423,0.1242,0,LOW
LN0003555,0.8267,1,HIGH
LN0016389,0.9752,1,HIGH
LN0007790,0.6825,1,HIGH
LN0002397,0.6822,1,HIGH
LN0003641,0.9768,1,HIGH
LN0004782,0.1848,0,LOW
LN0014552,0.137,0,LOW
LN0005069,0.103,0,LOW
LN0003907,0.4846,0,MEDIUM
LN0006771,0.1356,0,LOW
LN0001899,0.9532,1,HIGH
LN0011474,0.2628,0,LOW
LN0004423,0.086,0,LOW
LN0015601,0.8624,1,HIGH
LN0015149,0.3955,0,MEDIUM
LN0000061,0.1082,0,LOW
LN0010522,0.9485,1,HIGH
LN0010245,0.2482,0,LOW
LN0013217,0.4734,0,MEDIUM
LN0006230,0.133,0,LOW
LN0017848,0.2888,0,LOW
LN0001543,0.546,0,MEDIUM
LN0005890,0.9739,1,HIGH
LN0016816,0.0741,0,LOW
LN0008503,0.0815,0,LOW
LN0007097,0.0756,0,LOW
LN0013468,0.1389,0,LOW
LN0007431,0.9641,1,HIGH
LN0004947,0.1458,0,LOW
LN0002310,0.1304,0,LOW
LN0008579,0.1244,0,LOW
LN0015804,0.8443,1,HIGH
LN0011516,0.1793,0,LOW
LN0003420,0.8136,1,HIGH
LN0004115,0.716,1,HIGH
LN0011835,0.4162,0,MEDIUM
LN0011281,0.4198,0,MEDIUM
LN0002008,0.4341,0,MEDIUM
LN0010431,0.1668,0,LOW
LN0013993,0.1397,0,LOW
LN0014559,0.1121,0,LOW
LN0008801,0.4904,0,MEDIUM
LN0009087,0.1238,0,LOW
LN0007971,0.1627,0,LOW
LN0004617,0.9778,1,HIGH
LN0012219,0.9303,1,HIGH
LN0012186,0.9439,1,HIGH
LN0002080,0.6143,0,HIGH
LN0001675,0.2799,0,LOW
LN0004362,0.8768,1,HIGH
LN0015071,0.1396,0,LOW
LN0012090,0.2784,0,LOW
LN0007328,0.5049,0,MEDIUM
LN0006920,0.1635,0,LOW
LN0015798,0.0723,0,LOW
LN0010721,0.4346,0,MEDIUM
LN0009837,0.1233,0,LOW
LN0016634,0.4366,0,MEDIUM
LN0010920,0.1424,0,LOW
LN0015910,0.3406,0,LOW
LN0009010,0.2339,0,LOW
LN0015079,0.134,0,LOW
LN0005055,0.9304,1,HIGH
LN0001819,0.1997,0,LOW
LN0014877,0.3383,0,LOW
LN0014370,0.0766,0,LOW
LN0006151,0.4102,0,MEDIUM
LN0006784,0.0714,0,LOW
LN0012655,0.1153,0,LOW
LN0005257,0.1716,0,LOW
LN0009425,0.0711,0,LOW
LN0007288,0.4448,0,MEDIUM
LN0016108,0.082,0,LOW
LN0004836,0.9088,1,HIGH
LN0006586,0.9675,1,HIGH
LN0016897,0.5132,0,MEDIUM
LN0005167,0.4027,0,MEDIUM
LN0017159,0.1305,0,LOW
LN0007680,0.9661,1,HIGH
LN0005979,0.5586,0,MEDIUM
LN0009866,0.1986,0,LOW
LN0005017,0.1283,0,LOW
LN0017141,0.6777,1,HIGH
LN0002601,0.4979,0,MEDIUM
LN0005074,0.0827,0,LOW
LN0013351,0.9635,1,HIGH
LN0004286,0.5918,0,MEDIUM
LN0004729,0.1249,0,LOW
LN0007085,0.5042,0,MEDIUM
LN0017896,0.7796,1,HIGH
LN0014154,0.0921,0,LOW
LN0001404,0.1934,0,LOW
LN0004108,0.1257,0,LOW
LN0006208,0.1575,0,LOW
LN0014352,0.3817,0,MEDIUM
LN0014505,0.1468,0,LOW
LN0000989,0.1747,0,LOW
LN0017600,0.1216,0,LOW
LN0012476,0.0715,0,LOW
LN0009597,0.5592,0,MEDIUM
LN0008163,0.6436,1,HIGH
LN0004438,0.1529,0,LOW
LN0006982,0.163,0,LOW
LN0006185,0.0666,0,LOW
LN0004796,0.1015,0,LOW
LN0003135,0.4518,0,MEDIUM
LN0002117,0.097,0,LOW
LN0012412,0.2753,0,LOW
LN0000149,0.0694,0,LOW
LN0017303,0.3996,0,MEDIUM
LN0015737,0.8779,1,HIGH
LN0014326,0.205,0,LOW
LN0016480,0.1558,0,LOW
LN0017097,0.0791,0,LOW
LN0009284,0.185,0,LOW
LN0009529,0.3953,0,MEDIUM
LN0003073,0.9277,1,HIGH
LN0003010,0.9733,1,HIGH
LN0011923,0.8466,1,HIGH
LN0016366,0.1118,0,LOW
LN0014870,0.2173,0,LOW
LN0010922,0.4875,0,MEDIUM
LN0011486,0.8231,1,HIGH
LN0003268,0.625,0,HIGH
LN0006286,0.1104,0,LOW
LN0004524,0.958,1,HIGH
LN0012002,0.9614,1,HIGH
LN0015159,0.1834,0,LOW
LN0011203,0.1267,0,LOW
LN0003228,0.8339,1,HIGH
LN0012884,0.4009,0,MEDIUM
LN0013566,0.0906,0,LOW
LN0000993,0.2643,0,LOW
LN0004288,0.6454,1,HIGH
LN0014726,0.6903,1,HIGH
LN0009638,0.7489,1,HIGH
LN0001743,0.1274,0,LOW
LN0000728,0.1893,0,LOW
LN0014860,0.0697,0,LOW
LN0012097,0.0644,0,LOW
LN0016564,0.1224,0,LOW
LN0005470,0.4017,0,MEDIUM
LN0008536,0.1628,0,LOW
LN0005868,0.4362,0,MEDIUM
LN0004250,0.075,0,LOW
LN0007267,0.1022,0,LOW
LN0011350,0.1236,0,LOW
LN0007219,0.5318,0,MEDIUM
LN0013733,0.5715,0,MEDIUM
LN0011050,0.9776,1,HIGH
LN0012769,0.1069,0,LOW
LN0010817,0.1194,0,LOW
LN0002758,0.2609,0,LOW
LN0003477,0.3374,0,LOW
LN0004596,0.9796,1,HIGH
LN0011333,0.0771,0,LOW
LN0011315,0.3091,0,LOW
LN0013546,0.0806,0,LOW
LN0000188,0.1869,0,LOW
LN0002296,0.1006,0,LOW
LN0009343,0.4402,0,MEDIUM
LN0011756,0.1383,0,LOW
LN0016625,0.2356,0,LOW
LN0007630,0.4002,0,MEDIUM
LN0015521,0.4157,0,MEDIUM
LN0017414,0.7028,1,HIGH
LN0016469,0.1174,0,LOW
LN0016217,0.8204,1,HIGH
LN0001090,0.0911,0,LOW
LN0014090,0.4778,0,MEDIUM
LN0007156,0.9205,1,HIGH
LN0017734,0.4717,0,MEDIUM
LN0015125,0.8128,1,HIGH
LN0003611,0.1293,0,LOW
LN0017730,0.1176,0,LOW
LN0005391,0.2192,0,LOW
LN0011139,0.0816,0,LOW
LN0001381,0.9508,1,HIGH
LN0009848,0.9717,1,HIGH
LN0011701,0.1193,0,LOW
LN0010850,0.1246,0,LOW
LN0003303,0.2274,0,LOW
LN0016714,0.3951,0,MEDIUM
LN0009216,0.3227,0,LOW
LN0014869,0.1566,0,LOW
LN0015527,0.4129,0,MEDIUM
LN0012459,0.1218,0,LOW
LN0007816,0.1384,0,LOW
LN0009166,0.464,0,MEDIUM
LN0002498,0.8592,1,HIGH
LN0016609,0.0728,0,LOW
LN0007571,0.4638,0,MEDIUM
LN0010627,0.2861,0,LOW
LN0016179,0.0891,0,LOW
LN0001390,0.1281,0,LOW
LN0011384,0.2943,0,LOW
LN0002160,0.0712,0,LOW
LN0015708,0.6405,1,HIGH
LN0000424,0.1129,0,LOW
LN0011016,0.3051,0,LOW
LN0016780,0.1674,0,LOW
LN0007897,0.1038,0,LOW
LN0004212,0.5559,0,MEDIUM
LN0009798,0.1159,0,LOW
LN0016893,0.1971,0,LOW
LN0010555,0.5397,0,MEDIUM
LN0013519,0.3387,0,LOW
LN0009561,0.7423,1,HIGH
LN0002662,0.1647,0,LOW
LN0002024,0.9761,1,HIGH
LN0009945,0.5677,0,MEDIUM
LN0001525,0.16,0,LOW
LN0007166,0.0754,0,LOW
LN0008387,0.327,0,LOW
LN0017673,0.5404,0,MEDIUM
LN0017847,0.1308,0,LOW
LN0002051,0.551,0,MEDIUM
LN0003737,0.0732,0,LOW
LN0003327,0.2271,0,LOW
LN0011871,0.1349,0,LOW
LN0014953,0.6087,0,HIGH
LN0013117,0.1841,0,LOW
LN0016621,0.0818,0,LOW
LN0014171,0.9545,1,HIGH
LN0010758,0.1128,0,LOW
LN0002461,0.164,0,LOW
LN0008895,0.5255,0,MEDIUM
LN0004797,0.0664,0,LOW
LN0003825,0.5987,0,MEDIUM
LN0016959,0.1569,0,LOW
LN0015618,0.456,0,MEDIUM
LN0007053,0.1067,0,LOW
LN0016921,0.5114,0,MEDIUM
LN0000437,0.2017,0,LOW
LN0000050,0.5697,0,MEDIUM
LN0005076,0.1237,0,LOW
LN0016087,0.1031,0,LOW
LN0007124,0.5533,0,MEDIUM
LN0000770,0.2156,0,LOW
LN0006057,0.1025,0,LOW
LN0004215,0.7976,1,HIGH
LN0010823,0.5448,0,MEDIUM
LN0010790,0.0851,0,LOW
LN0000947,0.431,0,MEDIUM
LN0007070,0.1301,0,LOW
LN0007824,0.0544,0,LOW
LN0007305,0.1436,0,LOW
LN0013123,0.9345,1,HIGH
LN0002811,0.4398,0,MEDIUM
LN0002308,0.0842,0,LOW
LN0012722,0.1287,0,LOW
LN0006732,0.1301,0,LOW
LN0006749,0.4448,0,MEDIUM
LN0011255,0.123,0,LOW
LN0004911,0.2315,0,LOW
LN0011965,0.3275,0,LOW
LN0004359,0.3666,0,MEDIUM
LN0004600,0.08,0,LOW
LN0005902,0.1201,0,LOW
LN0012906,0.1415,0,LOW
LN0011862,0.0865,0,LOW
LN0004777,0.3823,0,MEDIUM
LN0007779,0.2222,0,LOW
LN0014263,0.3258,0,LOW
LN0017263,0.9658,1,HIGH
LN0002495,0.0706,0,LOW
LN0002353,0.2514,0,LOW
LN0005792,0.2418,0,LOW
LN0002643,0.2179,0,LOW
LN0015727,0.1504,0,LOW
LN0000675,0.0826,0,LOW
LN0003424,0.1411,0,LOW
LN0003671,0.1081,0,LOW
LN0010381,0.1054,0,LOW
LN0005005,0.1683,0,LOW
LN0015030,0.109,0,LOW
LN0009608,0.0893,0,LOW
LN0008211,0.1309,0,LOW
LN0003364,0.1837,0,LOW
LN0007980,0.1294,0,LOW
LN0009131,0.1168,0,LOW
LN0007694,0.6059,0,HIGH
LN0001249,0.8058,1,HIGH
LN0017265,0.7335,1,HIGH
LN0000407,0.0893,0,LOW
LN0004810,0.3943,0,MEDIUM
LN0005871,0.2164,0,LOW
LN0018000,0.2007,0,LOW
LN0001038,0.3582,0,MEDIUM
LN0005977,0.1412,0,LOW
LN0010984,0.947,1,HIGH
LN0006639,0.1347,0,LOW
LN0010659,0.1778,0,LOW
LN0013968,0.5727,0,MEDIUM
LN0004889,0.3903,0,MEDIUM
LN0005190,0.2467,0,LOW
LN0001520,0.3573,0,MEDIUM
LN0003153,0.2092,0,LOW
LN0005233,0.4372,0,MEDIUM
LN0001240,0.9814,1,HIGH
LN0017480,0.092,0,LOW
LN0007391,0.2766,0,LOW
LN0015153,0.9654,1,HIGH
LN0010184,0.5904,0,MEDIUM
LN0001931,0.2145,0,LOW
LN0008476,0.0633,0,LOW
LN0015445,0.4479,0,MEDIUM
LN0014299,0.1065,0,LOW
LN0007003,0.0834,0,LOW
LN0010054,0.9651,1,HIGH
LN0004317,0.0909,0,LOW
LN0000142,0.1199,0,LOW
LN0004432,0.5928,0,MEDIUM
LN0011285,0.6045,0,HIGH
LN0012612,0.1194,0,LOW
LN0012099,0.1449,0,LOW
LN0003638,0.9068,1,HIGH
LN0005179,0.077,0,LOW
LN0000776,0.978,1,HIGH
LN0010327,0.0948,0,LOW
LN0003645,0.1388,0,LOW
LN0010749,0.1217,0,LOW
LN0008000,0.5332,0,MEDIUM
LN0017628,0.2742,0,LOW
LN0015837,0.5123,0,MEDIUM
LN0009557,0.1015,0,LOW
LN0016543,0.365,0,MEDIUM
LN0016390,0.1458,0,LOW
LN0000302,0.4792,0,MEDIUM
LN0001856,0.7339,1,HIGH
LN0008649,0.2269,0,LOW
LN0004998,0.6742,1,HIGH
LN0012088,0.793,1,HIGH
LN0008703,0.9417,1,HIGH
LN0000146,0.8332,1,HIGH
LN0014684,0.3025,0,LOW
LN0007057,0.9812,1,HIGH
LN0012961,0.2351,0,LOW
LN0004651,0.312,0,LOW
LN0000207,0.4127,0,MEDIUM
LN0001716,0.8726,1,HIGH
LN0005657,0.4771,0,MEDIUM
LN0008309,0.0963,0,LOW
LN0001827,0.9704,1,HIGH
LN0006709,0.2159,0,LOW
LN0016031,0.5109,0,MEDIUM
LN0003739,0.0633,0,LOW
LN0014053,0.1167,0,LOW
LN0016201,0.0847,0,LOW
LN0013637,0.1168,0,LOW
LN0010809,0.5315,0,MEDIUM
LN0003720,0.2594,0,LOW
LN0011775,0.1839,0,LOW
LN0006472,0.1356,0,LOW
LN0010641,0.0876,0,LOW
LN0000794,0.2416,0,LOW
LN0013761,0.7305,1,HIGH
LN0001368,0.3362,0,LOW
LN0007452,0.4898,0,MEDIUM
LN0015758,0.1046,0,LOW
LN0017522,0.9824,1,HIGH
LN0015732,0.2323,0,LOW
LN0008981,0.107,0,LOW
LN0000190,0.4439,0,MEDIUM
LN0004347,0.0842,0,LOW
LN0005127,0.3052,0,LOW
LN0007044,0.1394,0,LOW
LN0016844,0.9775,1,HIGH
LN0003295,0.1217,0,LOW
LN0015556,0.4025,0,MEDIUM
LN0010151,0.8377,1,HIGH
LN0007178,0.8563,1,HIGH
LN0001106,0.9088,1,HIGH
LN0016964,0.0841,0,LOW
LN0016649,0.3232,0,LOW
LN0002625,0.6111,0,HIGH
LN0009651,0.1027,0,LOW
LN0004856,0.6242,0,HIGH
LN0011681,0.0775,0,LOW
LN0012929,0.2321,0,LOW
LN0005511,0.7784,1,HIGH
LN0008054,0.5911,0,MEDIUM
LN0005011,0.1572,0,LOW
LN0007358,0.1691,0,LOW
LN0012041,0.3136,0,LOW
LN0001135,0.2614,0,LOW
LN0005292,0.9699,1,HIGH
LN0000227,0.6959,1,HIGH
LN0015935,0.4042,0,MEDIUM
LN0005496,0.4874,0,MEDIUM
LN0005948,0.9325,1,HIGH
LN0004942,0.1178,0,LOW
LN0006234,0.0952,0,LOW
LN0007010,0.0688,0,LOW
LN0002781,0.1215,0,LOW
LN0006705,0.5273,0,MEDIUM
LN0013932,0.4449,0,MEDIUM
LN0009457,0.9094,1,HIGH
LN0001229,0.2127,0,LOW
LN0015368,0.7707,1,HIGH
LN0010321,0.0618,0,LOW
LN0005296,0.1126,0,LOW
LN0004893,0.1134,0,LOW
LN0015822,0.9609,1,HIGH
LN0005893,0.9635,1,HIGH
LN0003037,0.7339,1,HIGH
LN0016157,0.0715,0,LOW
LN0014756,0.616,0,HIGH
LN0007545,0.1171,0,LOW
LN0014785,0.1003,0,LOW
LN0015443,0.1049,0,LOW
LN0004427,0.1827,0,LOW
LN0017313,0.2505,0,LOW
LN0011499,0.1756,0,LOW
LN0011560,0.9774,1,HIGH
LN0016944,0.279,0,LOW
LN0006582,0.2568,0,LOW
LN0012830,0.9443,1,HIGH
LN0016991,0.2117,0,LOW
LN0002045,0.1197,0,LOW
LN0015018,0.1751,0,LOW
LN0014423,0.5008,0,MEDIUM
LN0008498,0.0948,0,LOW
LN0012686,0.5034,0,MEDIUM
LN0014070,0.5744,0,MEDIUM
LN0015684,0.7217,1,HIGH
LN0004201,0.0697,0,LOW
LN0009033,0.0966,0,LOW
LN0017639,0.9321,1,HIGH
LN0008718,0.311,0,LOW
LN0006094,0.9702,1,HIGH
LN0002709,0.0679,0,LOW
LN0012848,0.1145,0,LOW
LN0015447,0.9835,1,HIGH
LN0004179,0.4631,0,MEDIUM
LN0008468,0.3668,0,MEDIUM
LN0009062,0.141,0,LOW
LN0009806,0.1482,0,LOW
LN0006172,0.0804,0,LOW
LN0006116,0.2706,0,LOW
LN0001061,0.9806,1,HIGH
LN0001139,0.6176,0,HIGH
LN0004597,0.151,0,LOW
LN0000271,0.1303,0,LOW
LN0006466,0.9839,1,HIGH
LN0006354,0.9769,1,HIGH
LN0009135,0.1055,0,LOW
LN0011133,0.0994,0,LOW
LN0009875,0.0887,0,LOW
LN0009313,0.1201,0,LOW
LN0010776,0.1187,0,LOW
LN0005790,0.085,0,LOW
LN0006431,0.6762,1,HIGH
LN0000449,0.4513,0,MEDIUM
LN0008735,0.0733,0,LOW
LN0006100,0.9166,1,HIGH
LN0002091,0.2115,0,LOW
LN0006676,0.0657,0,LOW
LN0017780,0.9777,1,HIGH
LN0014789,0.4481,0,MEDIUM
LN0003597,0.1972,0,LOW
LN0015559,0.0623,0,LOW
LN0003731,0.1302,0,LOW
LN0009522,0.134,0,LOW
LN0003441,0.333,0,LOW
LN0001538,0.0534,0,LOW
LN0014100,0.0876,0,LOW
LN0001280,0.4381,0,MEDIUM
LN0004121,0.6513,1,HIGH
LN0006611,0.0819,0,LOW
LN0007561,0.3041,0,LOW
LN0017536,0.0889,0,LOW
LN0003157,0.8969,1,HIGH
LN0007849,0.5533,0,MEDIUM
LN0013067,0.2049,0,LOW
LN0007007,0.1886,0,LOW
LN0005601,0.0531,0,LOW
LN0012237,0.8926,1,HIGH
LN0012804,0.4344,0,MEDIUM
LN0015290,0.9445,1,HIGH
LN0007072,0.0873,0,LOW
LN0009890,0.1081,0,LOW
LN0008550,0.675,1,HIGH
LN0012420,0.6162,0,HIGH
LN0000482,0.1119,0,LOW
LN0013122,0.2941,0,LOW
LN0005238,0.123,0,LOW
LN0000235,0.864,1,HIGH
LN0000339,0.6978,1,HIGH
LN0015088,0.0543,0,LOW
LN0001582,0.2224,0,LOW
LN0015333,0.0782,0,LOW
LN0003237,0.209,0,LOW
LN0016095,0.2068,0,LOW
LN0005483,0.8742,1,HIGH
LN0010519,0.58,0,MEDIUM
LN0006037,0.6011,0,HIGH
LN0015549,0.9671,1,HIGH
LN0013674,0.4011,0,MEDIUM
LN0009065,0.2666,0,LOW
LN0017686,0.219,0,LOW
LN0007398,0.1117,0,LOW
LN0016676,0.9317,1,HIGH
LN0003736,0.2004,0,LOW
LN0000542,0.9467,1,HIGH
LN0015164,0.1304,0,LOW
LN0011363,0.1501,0,LOW
LN0011484,0.2839,0,LOW
LN0004847,0.7971,1,HIGH
LN0015382,0.9108,1,HIGH
LN0017949,0.5372,0,MEDIUM
LN0001850,0.2805,0,LOW
LN0010174,0.1375,0,LOW
LN0015461,0.8489,1,HIGH
LN0011436,0.189,0,LOW
LN0007006,0.0753,0,LOW
LN0006280,0.1623,0,LOW
LN0001379,0.9399,1,HIGH
LN0010202,0.2478,0,LOW
LN0008562,0.1305,0,LOW
LN0006165,0.9591,1,HIGH
LN0017469,0.0857,0,LOW
LN0010082,0.4478,0,MEDIUM
LN0004139,0.2934,0,LOW
LN0011594,0.1266,0,LOW
LN0007962,0.1535,0,LOW
LN0005589,0.2898,0,LOW
LN0016252,0.324,0,LOW
LN0007952,0.0678,0,LOW
LN0000019,0.1986,0,LOW
LN0003811,0.1126,0,LOW
LN0001830,0.535,0,MEDIUM
LN0009068,0.3346,0,LOW
LN0011183,0.4922,0,MEDIUM
LN0008968,0.1199,0,LOW
LN0016749,0.5611,0,MEDIUM
LN0006125,0.8748,1,HIGH
LN0013673,0.3248,0,LOW
LN0008783,0.3181,0,LOW
LN0013938,0.9465,1,HIGH
LN0005321,0.1103,0,LOW
LN0014214,0.9816,1,HIGH
LN0015150,0.2302,0,LOW
LN0008717,0.6577,1,HIGH
LN0000847,0.0715,0,LOW
LN0009519,0.4719,0,MEDIUM
LN0010751,0.8249,1,HIGH
LN0015624,0.9287,1,HIGH
LN0010017,0.9344,1,HIGH
LN0012255,0.1024,0,LOW
LN0017910,0.2238,0,LOW
LN0004653,0.2883,0,LOW
LN0010034,0.2915,0,LOW
LN0017869,0.0825,0,LOW
LN0000964,0.3939,0,MEDIUM
LN0014127,0.4854,0,MEDIUM
LN0005416,0.0818,0,LOW
LN0002344,0.4001,0,MEDIUM
LN0006169,0.0887,0,LOW
LN0008017,0.9034,1,HIGH
LN0001773,0.1048,0,LOW
LN0012642,0.0943,0,LOW
LN0004567,0.842,1,HIGH
LN0001117,0.1592,0,LOW
LN0001253,0.9424,1,HIGH
LN0006402,0.3295,0,LOW
LN0008149,0.8752,1,HIGH
LN0014934,0.1736,0,LOW
LN0016726,0.1609,0,LOW
LN0011922,0.0915,0,LOW
LN0015273,0.1867,0,LOW
LN0002921,0.1049,0,LOW
LN0011017,0.1536,0,LOW
LN0007185,0.2354,0,LOW
LN0010259,0.2652,0,LOW
LN0012881,0.1078,0,LOW
LN0001876,0.3271,0,LOW
LN0007565,0.2988,0,LOW
LN0008548,0.8955,1,HIGH
LN0003901,0.972,1,HIGH
LN0005723,0.5529,0,MEDIUM
LN0002659,0.2563,0,LOW
LN0017694,0.6039,0,HIGH
LN0017007,0.8735,1,HIGH
LN0011261,0.9302,1,HIGH
LN0006575,0.2689,0,LOW
LN0001752,0.1044,0,LOW
LN0013811,0.9825,1,HIGH
LN0007639,0.7797,1,HIGH
LN0014984,0.9313,1,HIGH
LN0017914,0.7025,1,HIGH
LN0006345,0.3182,0,LOW
LN0017430,0.2557,0,LOW
LN0011755,0.0689,0,LOW
LN0001814,0.3424,0,LOW
LN0011692,0.9792,1,HIGH
LN0010203,0.5048,0,MEDIUM
LN0009447,0.1717,0,LOW
LN0004840,0.4078,0,MEDIUM
LN0010986,0.6867,1,HIGH
LN0017943,0.3431,0,LOW
LN0010832,0.8781,1,HIGH
LN0000443,0.2096,0,LOW
LN0010196,0.086,0,LOW
LN0005178,0.0811,0,LOW
LN0014192,0.3971,0,MEDIUM
LN0010460,0.6603,1,HIGH
LN0010153,0.086,0,LOW
LN0009093,0.5793,0,MEDIUM
LN0010860,0.0683,0,LOW
LN0014644,0.7573,1,HIGH
LN0014061,0.8243,1,HIGH
LN0006034,0.0681,0,LOW
LN0013430,0.1069,0,LOW
LN0011167,0.9523,1,HIGH
LN0012988,0.1542,0,LOW
LN0016367,0.091,0,LOW
LN0004397,0.1138,0,LOW
LN0012133,0.3125,0,LOW
LN0003369,0.3534,0,MEDIUM
LN0005880,0.1743,0,LOW
LN0010349,0.1355,0,LOW
LN0003362,0.1164,0,LOW
LN0014485,0.2202,0,LOW
LN0001634,0.7701,1,HIGH
LN0007046,0.2991,0,LOW
LN0014975,0.161,0,LOW
LN0007159,0.9505,1,HIGH
LN0009066,0.3569,0,MEDIUM
LN0017352,0.0797,0,LOW
LN0003587,0.3962,0,MEDIUM
LN0016198,0.8743,1,HIGH
LN0010483,0.4208,0,MEDIUM
LN0002258,0.9691,1,HIGH
LN0004779,0.9752,1,HIGH
LN0004980,0.9631,1,HIGH
LN0017533,0.2868,0,LOW
LN0016776,0.2412,0,LOW
LN0007395,0.1986,0,LOW
LN0012338,0.8536,1,HIGH
LN0015968,0.38,0,MEDIUM
LN0003087,0.9715,1,HIGH
LN0013948,0.4583,0,MEDIUM
LN0005905,0.9796,1,HIGH
LN0003601,0.1054,0,LOW
LN0003110,0.927,1,HIGH
LN0014917,0.2082,0,LOW
LN0009336,0.4059,0,MEDIUM
LN0014076,0.1386,0,LOW
LN0008174,0.524,0,MEDIUM
LN0002995,0.2997,0,LOW
LN0014200,0.1136,0,LOW
LN0008111,0.6371,1,HIGH
LN0013808,0.5827,0,MEDIUM
LN0009796,0.37,0,MEDIUM
LN0011517,0.1372,0,LOW
LN0004584,0.0654,0,LOW
LN0013736,0.7363,1,HIGH
LN0001479,0.1065,0,LOW
LN0007505,0.9595,1,HIGH
LN0013052,0.0914,0,LOW
LN0016871,0.1011,0,LOW
LN0002356,0.3497,0,LOW
LN0016342,0.0877,0,LOW
LN0011802,0.0656,0,LOW
LN0015673,0.1213,0,LOW
LN0009121,0.1532,0,LOW
LN0013871,0.9761,1,HIGH
LN0000779,0.0972,0,LOW
LN0015902,0.1102,0,LOW
LN0008161,0.1663,0,LOW
LN0008439,0.5908,0,MEDIUM
LN0007419,0.7509,1,HIGH
LN0002455,0.2757,0,LOW
LN0005794,0.4807,0,MEDIUM
LN0000126,0.1807,0,LOW
LN0002666,0.5027,0,MEDIUM
LN0010917,0.1384,0,LOW
LN0015590,0.0997,0,LOW
LN0000769,0.1311,0,LOW
LN0015283,0.1877,0,LOW
LN0001410,0.5735,0,MEDIUM
LN0001461,0.0695,0,LOW
LN0010579,0.305,0,LOW
LN0015599,0.279,0,LOW
LN0004494,0.1878,0,LOW
LN0001971,0.3891,0,MEDIUM
LN0002990,0.0729,0,LOW
LN0013746,0.1509,0,LOW
LN0003973,0.0664,0,LOW
LN0005672,0.3429,0,LOW
LN0009861,0.9779,1,HIGH
LN0015621,0.9814,1,HIGH
LN0014425,0.3038,0,LOW
LN0005343,0.3758,0,MEDIUM
LN0009891,0.1963,0,LOW
LN0016640,0.9774,1,HIGH
LN0013833,0.097,0,LOW
LN0009853,0.1031,0,LOW
LN0006494,0.282,0,LOW
LN0010129,0.2356,0,LOW
LN0015472,0.2435,0,LOW
LN0008354,0.1168,0,LOW
LN0006565,0.2115,0,LOW
LN0011815,0.5031,0,MEDIUM
LN0017200,0.9785,1,HIGH
LN0006314,0.6921,1,HIGH
LN0010562,0.0789,0,LOW
LN0005249,0.1938,0,LOW
LN0016775,0.4132,0,MEDIUM
LN0012829,0.1028,0,LOW
LN0009349,0.7194,1,HIGH
LN0000279,0.1448,0,LOW
LN0006939,0.0716,0,LOW
LN0000957,0.8279,1,HIGH
LN0015884,0.2961,0,LOW
LN0006574,0.1436,0,LOW
LN0013829,0.9727,1,HIGH
LN0017437,0.094,0,LOW
LN0000385,0.0823,0,LOW
LN0012925,0.0662,0,LOW
LN0009375,0.2248,0,LOW
LN0014116,0.1201,0,LOW
LN0012131,0.9675,1,HIGH
LN0010725,0.5052,0,MEDIUM
LN0008585,0.079,0,LOW
LN0006050,0.2138,0,LOW
LN0016484,0.0693,0,LOW
LN0011034,0.1384,0,LOW
LN0004714,0.7392,1,HIGH
LN0001683,0.9374,1,HIGH
LN0006882,0.1413,0,LOW
LN0014469,0.0804,0,LOW
LN0014401,0.2018,0,LOW
LN0009147,0.4067,0,MEDIUM
LN0005753,0.1283,0,LOW
LN0007330,0.3692,0,MEDIUM
LN0004539,0.1677,0,LOW
LN0013155,0.5171,0,MEDIUM
LN0005566,0.1703,0,LOW
LN0012337,0.9709,1,HIGH
LN0003988,0.5905,0,MEDIUM
LN0001215,0.5254,0,MEDIUM
LN0005342,0.1055,0,LOW
LN0003712,0.9539,1,HIGH
LN0013026,0.979,1,HIGH
LN0015361,0.1532,0,LOW
LN0015262,0.6039,0,HIGH
LN0002483,0.0699,0,LOW
LN0012339,0.1929,0,LOW
LN0007012,0.1014,0,LOW
LN0008473,0.9649,1,HIGH
LN0001793,0.0672,0,LOW
LN0014949,0.3074,0,LOW
LN0006991,0.131,0,LOW
LN0017147,0.9326,1,HIGH
LN0003453,0.9428,1,HIGH
LN0002050,0.5402,0,MEDIUM
LN0014271,0.2975,0,LOW
LN0006901,0.0875,0,LOW
LN0002236,0.1227,0,LOW
LN0002279,0.4842,0,MEDIUM
LN0012957,0.0728,0,LOW
LN0008449,0.1539,0,LOW
LN0009687,0.3355,0,LOW
LN0000949,0.8456,1,HIGH
LN0010083,0.9796,1,HIGH
LN0013716,0.1925,0,LOW
LN0004676,0.5986,0,MEDIUM
LN0000906,0.4288,0,MEDIUM
LN0010518,0.9746,1,HIGH
LN0008462,0.2197,0,LOW
LN0008534,0.9401,1,HIGH
LN0002241,0.2161,0,LOW
LN0005846,0.31,0,LOW
LN0011337,0.3453,0,LOW
LN0011739,0.1373,0,LOW
LN0003855,0.4891,0,MEDIUM
LN0017247,0.7562,1,HIGH
LN0010344,0.9331,1,HIGH
LN0002173,0.1459,0,LOW
LN0015900,0.0699,0,LOW
LN0012667,0.0623,0,LOW
LN0012677,0.1027,0,LOW
LN0007527,0.6681,1,HIGH
LN0011468,0.905,1,HIGH
LN0002591,0.2017,0,LOW
LN0017451,0.5485,0,MEDIUM
LN0015733,0.2921,0,LOW
LN0000007,0.9018,1,HIGH
LN0010436,0.1309,0,LOW
LN0017705,0.6953,1,HIGH
LN0011591,0.0894,0,LOW
LN0015490,0.963,1,HIGH
LN0006164,0.4845,0,MEDIUM
LN0001073,0.9654,1,HIGH
LN0011945,0.0918,0,LOW
LN0009389,0.3496,0,LOW
LN0006690,0.6589,1,HIGH
LN0015591,0.1421,0,LOW
LN0011695,0.1506,0,LOW
LN0014164,0.9638,1,HIGH
LN0006790,0.3223,0,LOW
LN0008042,0.4526,0,MEDIUM
LN0012835,0.1075,0,LOW
LN0010162,0.6337,0,HIGH
LN0013133,0.9228,1,HIGH
LN0013569,0.1269,0,LOW
LN0006906,0.9785,1,HIGH
LN0014532,0.1457,0,LOW
LN0001180,0.9463,1,HIGH
LN0003868,0.1302,0,LOW
LN0017587,0.076,0,LOW
LN0015227,0.546,0,MEDIUM
LN0010838,0.1709,0,LOW
LN0006219,0.3351,0,LOW
LN0011799,0.5696,0,MEDIUM
LN0012641,0.5843,0,MEDIUM
LN0011838,0.1085,0,LOW
LN0017027,0.095,0,LOW
LN0009785,0.435,0,MEDIUM
LN0008334,0.4088,0,MEDIUM
LN0009409,0.95,1,HIGH
LN0000672,0.0782,0,LOW
LN0009496,0.3721,0,MEDIUM
LN0004015,0.2315,0,LOW
LN0006470,0.4754,0,MEDIUM
LN0008346,0.3616,0,MEDIUM
LN0011778,0.0902,0,LOW
LN0004001,0.2148,0,LOW
LN0008390,0.2191,0,LOW
LN0007060,0.4031,0,MEDIUM
LN0017464,0.3952,0,MEDIUM
LN0017338,0.4445,0,MEDIUM
LN0008101,0.7435,1,HIGH
LN0009760,0.1923,0,LOW
LN0014204,0.1105,0,LOW
LN0007852,0.329,0,LOW
LN0007425,0.0809,0,LOW
LN0014829,0.4869,0,MEDIUM
LN0005987,0.0879,0,LOW
LN0006199,0.0751,0,LOW
LN0005745,0.1214,0,LOW
LN0016339,0.0873,0,LOW
LN0012252,0.1535,0,LOW
LN0006156,0.1796,0,LOW
LN0002845,0.1672,0,LOW
LN0008836,0.5244,0,MEDIUM
LN0002607,0.1886,0,LOW
LN0011864,0.4508,0,MEDIUM
LN0005777,0.5081,0,MEDIUM
LN0003803,0.2303,0,LOW
LN0006977,0.3435,0,LOW
LN0009260,0.9713,1,HIGH
LN0012064,0.5212,0,MEDIUM
LN0001063,0.1044,0,LOW
LN0017554,0.9243,1,HIGH
LN0009292,0.1277,0,LOW
LN0003763,0.0603,0,LOW
LN0013719,0.9086,1,HIGH
LN0004874,0.8385,1,HIGH
LN0001142,0.1305,0,LOW
LN0002721,0.0882,0,LOW
LN0011847,0.0965,0,LOW
LN0007401,0.0927,0,LOW
LN0012200,0.1331,0,LOW
LN0012179,0.9815,1,HIGH
LN0015746,0.3336,0,LOW
LN0010048,0.0799,0,LOW
LN0011398,0.2244,0,LOW
LN0002633,0.1103,0,LOW
LN0002208,0.1379,0,LOW
LN0013655,0.2184,0,LOW
LN0006738,0.0602,0,LOW
LN0012100,0.425,0,MEDIUM
LN0001125,0.1121,0,LOW
LN0006359,0.3747,0,MEDIUM
LN0013369,0.1149,0,LOW
LN0003797,0.125,0,LOW
LN0002480,0.7206,1,HIGH
LN0006305,0.2362,0,LOW
LN0004209,0.1313,0,LOW
LN0014073,0.175,0,LOW
LN0004749,0.0786,0,LOW
LN0000952,0.3047,0,LOW
LN0015620,0.1084,0,LOW
LN0001992,0.8184,1,HIGH
LN0013820,0.9602,1,HIGH
LN0007988,0.1225,0,LOW
LN0001121,0.1072,0,LOW
LN0017381,0.0601,0,LOW
LN0001647,0.1737,0,LOW
LN0003494,0.8745,1,HIGH
LN0012867,0.1219,0,LOW
LN0014474,0.1302,0,LOW
LN0010410,0.9501,1,HIGH
LN0006060,0.3078,0,LOW
LN0015137,0.7977,1,HIGH
LN0013490,0.1916,0,LOW
LN0002248,0.1212,0,LOW
LN0005057,0.1257,0,LOW
LN0013704,0.0993,0,LOW
LN0008225,0.0726,0,LOW
LN0014136,0.1609,0,LOW
LN0012766,0.1505,0,LOW
LN0013371,0.0731,0,LOW
LN0004532,0.9484,1,HIGH
LN0014553,0.1004,0,LOW
LN0008589,0.0816,0,LOW
LN0005434,0.4242,0,MEDIUM
LN0007332,0.5093,0,MEDIUM
LN0002083,0.1646,0,LOW
LN0000023,0.9687,1,HIGH
LN0015264,0.6006,0,HIGH
LN0010323,0.5101,0,MEDIUM
LN0010806,0.211,0,LOW
LN0010556,0.8694,1,HIGH
LN0015564,0.62,0,HIGH
LN0005952,0.6639,1,HIGH
LN0012207,0.1272,0,LOW
LN0001628,0.8812,1,HIGH
LN0013919,0.1599,0,LOW
LN0017572,0.7206,1,HIGH
LN0002764,0.0596,0,LOW
LN0003192,0.1947,0,LOW
LN0015993,0.0856,0,LOW
LN0004159,0.4726,0,MEDIUM
LN0009324,0.9752,1,HIGH
LN0008506,0.6924,1,HIGH
LN0007974,0.3633,0,MEDIUM
LN0013729,0.5037,0,MEDIUM
LN0000277,0.2323,0,LOW
LN0015151,0.8817,1,HIGH
LN0015324,0.0752,0,LOW
LN0014750,0.7938,1,HIGH
LN0009201,0.7357,1,HIGH
LN0002766,0.2244,0,LOW
LN0009833,0.1514,0,LOW
LN0007617,0.9585,1,HIGH
LN0003225,0.9346,1,HIGH
LN0013423,0.1802,0,LOW
LN0002536,0.123,0,LOW
LN0011535,0.1207,0,LOW
LN0007994,0.1458,0,LOW
LN0008556,0.0744,0,LOW
LN0014067,0.1073,0,LOW
LN0010801,0.098,0,LOW
LN0003655,0.0885,0,LOW
LN0004498,0.1791,0,LOW
LN0001636,0.2444,0,LOW
LN0007595,0.8077,1,HIGH
LN0015980,0.1771,0,LOW
LN0001172,0.5319,0,MEDIUM
LN0012150,0.8769,1,HIGH
LN0000148,0.1132,0,LOW
LN0010955,0.282,0,LOW
LN0008989,0.0804,0,LOW
LN0017713,0.6318,0,HIGH
LN0002473,0.09,0,LOW
LN0002327,0.7021,1,HIGH
LN0010056,0.9826,1,HIGH
LN0001462,0.0808,0,LOW
LN0017878,0.5344,0,MEDIUM
LN0010759,0.2021,0,LOW
LN0010875,0.467,0,MEDIUM
LN0016409,0.272,0,LOW
LN0016245,0.9494,1,HIGH
LN0012414,0.1142,0,LOW
LN0012952,0.5307,0,MEDIUM
LN0015793,0.9241,1,HIGH
LN0009161,0.4656,0,MEDIUM
LN0004670,0.9731,1,HIGH
LN0010615,0.0866,0,LOW
LN0006289,0.4499,0,MEDIUM
LN0008784,0.5085,0,MEDIUM
LN0017980,0.165,0,LOW
LN0003457,0.1506,0,LOW
LN0006531,0.5233,0,MEDIUM
LN0012558,0.1838,0,LOW
LN0017073,0.2925,0,LOW
LN0006239,0.5317,0,MEDIUM
LN0003924,0.4221,0,MEDIUM
LN0015450,0.0592,0,LOW
LN0002161,0.984,1,HIGH
LN0000772,0.1512,0,LOW
LN0006589,0.7861,1,HIGH
LN0001788,0.0724,0,LOW
LN0008790,0.4848,0,MEDIUM
LN0016171,0.2879,0,LOW
LN0010279,0.2069,0,LOW
LN0005671,0.6892,1,HIGH
LN0002337,0.0913,0,LOW
LN0007227,0.2294,0,LOW
LN0014731,0.6584,1,HIGH
LN0001239,0.8709,1,HIGH
LN0007645,0.2078,0,LOW
LN0007731,0.1534,0,LOW
LN0013141,0.1797,0,LOW
LN0014211,0.8506,1,HIGH
LN0009006,0.1022,0,LOW
LN0011478,0.1059,0,LOW
LN0008568,0.1164,0,LOW
LN0012973,0.1065,0,LOW
LN0007312,0.1353,0,LOW
LN0008530,0.2491,0,LOW
LN0012330,0.102,0,LOW
LN0001637,0.4729,0,MEDIUM
LN0017660,0.1412,0,LOW
LN0001589,0.8973,1,HIGH
LN0009784,0.603,0,HIGH
LN0009475,0.9547,1,HIGH
LN0016310,0.5178,0,MEDIUM
LN0017250,0.349,0,LOW
LN0014020,0.2183,0,LOW
LN0004571,0.2157,0,LOW
LN0009763,0.5984,0,MEDIUM
LN0007711,0.213,0,LOW
LN0012892,0.1468,0,LOW
LN0007115,0.3451,0,LOW
LN0000629,0.4666,0,MEDIUM
LN0016629,0.1321,0,LOW
LN0002011,0.9717,1,HIGH
LN0009032,0.4063,0,MEDIUM
LN0007652,0.9611,1,HIGH
LN0000856,0.7703,1,HIGH
LN0009715,0.252,0,LOW
LN0017604,0.1173,0,LOW
LN0017507,0.5638,0,MEDIUM
LN0004816,0.1863,0,LOW
LN0005038,0.1126,0,LOW
LN0008591,0.0827,0,LOW
LN0005833,0.1444,0,LOW
LN0014689,0.1321,0,LOW
LN0015384,0.5139,0,MEDIUM
LN0016158,0.1861,0,LOW
LN0015278,0.1406,0,LOW
LN0000852,0.3681,0,MEDIUM
LN0006357,0.976,1,HIGH
LN0014217,0.1383,0,LOW
LN0003631,0.0915,0,LOW
LN0012151,0.0927,0,LOW
LN0016372,0.1059,0,LOW
LN0012374,0.0979,0,LOW
LN0015957,0.9402,1,HIGH
LN0005123,0.9669,1,HIGH
LN0003454,0.6066,0,HIGH
LN0016018,0.1307,0,LOW
LN0002366,0.9298,1,HIGH
LN0015035,0.5167,0,MEDIUM
LN0006660,0.1322,0,LOW
LN0014815,0.488,0,MEDIUM
LN0007240,0.1476,0,LOW
LN0003726,0.0849,0,LOW
LN0002556,0.685,1,HIGH
LN0010234,0.1269,0,LOW
LN0007033,0.1217,0,LOW
LN0000696,0.2148,0,LOW
LN0016713,0.1129,0,LOW
LN0009494,0.8656,1,HIGH
LN0017246,0.1872,0,LOW
LN0008593,0.4831,0,MEDIUM
LN0002494,0.2039,0,LOW
LN0013270,0.479,0,MEDIUM
LN0005888,0.0985,0,LOW
LN0003766,0.0866,0,LOW
LN0013947,0.0665,0,LOW
LN0002225,0.1232,0,LOW
LN0008187,0.0845,0,LOW
LN0017261,0.7971,1,HIGH
LN0014057,0.9543,1,HIGH
LN0006382,0.1244,0,LOW
LN0006489,0.3185,0,LOW
LN0007549,0.1625,0,LOW
LN0010474,0.1307,0,LOW
LN0008156,0.2851,0,LOW
LN0013254,0.0803,0,LOW
LN0010596,0.3447,0,LOW
LN0002476,0.1012,0,LOW
LN0005487,0.0894,0,LOW
LN0017426,0.2545,0,LOW
LN0002592,0.0849,0,LOW
LN0003808,0.1845,0,LOW
LN0009885,0.4124,0,MEDIUM
LN0013886,0.3378,0,LOW
LN0003063,0.9564,1,HIGH
LN0002574,0.4984,0,MEDIUM
LN0016138,0.6358,1,HIGH
LN0011595,0.9043,1,HIGH
LN0014371,0.705,1,HIGH
LN0014043,0.6846,1,HIGH
LN0010271,0.2417,0,LOW
LN0009883,0.9464,1,HIGH
LN0004544,0.1969,0,LOW
LN0009790,0.12,0,LOW
LN0000202,0.0548,0,LOW
LN0012049,0.6543,1,HIGH
LN0009406,0.7325,1,HIGH
LN0003757,0.5768,0,MEDIUM
LN0011827,0.1284,0,LOW
LN0002223,0.2726,0,LOW
LN0012004,0.1701,0,LOW
LN0003138,0.0855,0,LOW
LN0015774,0.9489,1,HIGH
LN0011836,0.2363,0,LOW
LN0015266,0.0982,0,LOW
LN0008788,0.0957,0,LOW
LN0017796,0.079,0,LOW
LN0006675,0.1001,0,LOW
LN0012061,0.1948,0,LOW
LN0009434,0.1867,0,LOW
LN0015084,0.0851,0,LOW
LN0016542,0.8026,1,HIGH
LN0017499,0.0689,0,LOW
LN0017908,0.0749,0,LOW
LN0003445,0.2874,0,LOW
LN0009132,0.1246,0,LOW
LN0015729,0.1378,0,LOW
LN0012145,0.0708,0,LOW
LN0012653,0.4808,0,MEDIUM
LN0008190,0.1079,0,LOW
LN0014629,0.8399,1,HIGH
LN0006446,0.8616,1,HIGH
LN0014374,0.8821,1,HIGH
LN0008429,0.4596,0,MEDIUM
LN0004426,0.9604,1,HIGH
LN0007168,0.1177,0,LOW
LN0017346,0.1476,0,LOW
LN0005261,0.1032,0,LOW
LN0010124,0.7322,1,HIGH
LN0013356,0.885,1,HIGH
LN0017162,0.1061,0,LOW
LN0017365,0.0911,0,LOW
LN0016611,0.1344,0,LOW
LN0016174,0.1283,0,LOW
LN0005449,0.4378,0,MEDIUM
LN0007341,0.1732,0,LOW
LN0015420,0.1391,0,LOW
LN0012814,0.1892,0,LOW
LN0015597,0.3906,0,MEDIUM
LN0006708,0.1304,0,LOW
LN0017810,0.1802,0,LOW
LN0015989,0.1064,0,LOW
LN0009078,0.0729,0,LOW
LN0008634,0.224,0,LOW
LN0017527,0.1896,0,LOW
LN0012652,0.8644,1,HIGH
LN0005656,0.9483,1,HIGH
LN0015639,0.4633,0,MEDIUM
LN0009502,0.1101,0,LOW
LN0011868,0.4839,0,MEDIUM
LN0007930,0.0803,0,LOW
LN0007004,0.222,0,LOW
LN0003605,0.9608,1,HIGH
LN0003787,0.9396,1,HIGH
LN0015867,0.1127,0,LOW
LN0004089,0.2768,0,LOW
LN0005491,0.1065,0,LOW
LN0015115,0.2956,0,LOW
LN0004553,0.5142,0,MEDIUM
LN0004659,0.4185,0,MEDIUM
LN0013246,0.4797,0,MEDIUM
LN0009014,0.125,0,LOW
LN0000911,0.8333,1,HIGH
LN0014052,0.221,0,LOW
LN0007422,0.1436,0,LOW
LN0009429,0.2279,0,LOW
LN0000236,0.406,0,MEDIUM
LN0004972,0.9819,1,HIGH
LN0010493,0.1278,0,LOW
LN0015851,0.1277,0,LOW
LN0009541,0.1195,0,LOW
LN0017801,0.8878,1,HIGH
LN0010648,0.8819,1,HIGH
LN0003171,0.2657,0,LOW
LN0010617,0.1804,0,LOW
LN0007738,0.1253,0,LOW
LN0004445,0.8049,1,HIGH
LN0008074,0.3115,0,LOW
LN0009668,0.9594,1,HIGH
LN0010588,0.9796,1,HIGH
LN0007095,0.2692,0,LOW
LN0006295,0.0593,0,LOW
LN0011006,0.2097,0,LOW
LN0005103,0.0947,0,LOW
LN0017076,0.093,0,LOW
LN0002369,0.1747,0,LOW
LN0009959,0.517,0,MEDIUM
LN0010016,0.1532,0,LOW
LN0008793,0.1392,0,LOW
LN0003831,0.1641,0,LOW
LN0004453,0.0771,0,LOW
LN0000817,0.9048,1,HIGH
LN0013282,0.9175,1,HIGH
LN0003832,0.0972,0,LOW
LN0013429,0.4902,0,MEDIUM
LN0017226,0.0555,0,LOW
LN0015439,0.9808,1,HIGH
LN0017645,0.9687,1,HIGH
LN0009497,0.4599,0,MEDIUM
LN0015217,0.9242,1,HIGH
LN0007152,0.8259,1,HIGH
LN0016978,0.3811,0,MEDIUM
LN0016094,0.3822,0,MEDIUM
LN0000988,0.121,0,LOW
LN0010879,0.2078,0,LOW
LN0002191,0.2439,0,LOW
LN0007660,0.1016,0,LOW
LN0016033,0.1183,0,LOW
LN0005775,0.914,1,HIGH
LN0010332,0.7889,1,HIGH
LN0016330,0.1786,0,LOW
LN0002835,0.7047,1,HIGH
LN0004638,0.5274,0,MEDIUM
LN0014495,0.1636,0,LOW
LN0016831,0.1433,0,LOW
LN0009228,0.1945,0,LOW
LN0015363,0.824,1,HIGH
LN0007122,0.1604,0,LOW
LN0007180,0.3901,0,MEDIUM
LN0002385,0.111,0,LOW
LN0016672,0.5782,0,MEDIUM
LN0005756,0.9372,1,HIGH
LN0014383,0.4741,0,MEDIUM
LN0010443,0.123,0,LOW
LN0014377,0.1362,0,LOW
LN0004264,0.6231,0,HIGH
LN0000900,0.079,0,LOW
LN0010102,0.1742,0,LOW
LN0002298,0.4767,0,MEDIUM
LN0001342,0.9726,1,HIGH
LN0002439,0.1452,0,LOW
LN0001008,0.774,1,HIGH
LN0008896,0.3248,0,LOW
LN0003809,0.9823,1,HIGH
LN0016061,0.9371,1,HIGH
LN0016134,0.142,0,LOW
LN0004261,0.9539,1,HIGH
LN0000493,0.9542,1,HIGH
LN0011780,0.235,0,LOW
LN0004495,0.0764,0,LOW
LN0013759,0.1869,0,LOW
LN0007100,0.1599,0,LOW
LN0000996,0.3605,0,MEDIUM
LN0010693,0.732,1,HIGH
LN0007784,0.1142,0,LOW
LN0017189,0.1264,0,LOW
LN0004256,0.126,0,LOW
LN0001947,0.424,0,MEDIUM
LN0006231,0.9432,1,HIGH
LN0014803,0.8101,1,HIGH
LN0013779,0.0612,0,LOW
LN0011426,0.6375,1,HIGH
LN0011654,0.2166,0,LOW
LN0006184,0.2566,0,LOW
LN0004647,0.082,0,LOW
LN0007806,0.9679,1,HIGH
LN0015329,0.1111,0,LOW
LN0007940,0.0754,0,LOW
LN0008400,0.8324,1,HIGH
LN0017911,0.1324,0,LOW
LN0010788,0.2821,0,LOW
LN0013852,0.285,0,LOW
LN0009128,0.0762,0,LOW
LN0016226,0.3346,0,LOW
LN0001549,0.5466,0,MEDIUM
LN0000594,0.8756,1,HIGH
LN0004667,0.6199,0,HIGH
LN0010272,0.883,1,HIGH
LN0004742,0.3052,0,LOW
LN0015313,0.0663,0,LOW
LN0016648,0.0843,0,LOW
LN0012288,0.0878,0,LOW
LN0007381,0.5998,0,MEDIUM
LN0004350,0.9049,1,HIGH
LN0016501,0.9174,1,HIGH
LN0000113,0.9563,1,HIGH
LN0011351,0.4555,0,MEDIUM
LN0006711,0.5047,0,MEDIUM
LN0008578,0.1928,0,LOW
LN0010602,0.9663,1,HIGH
LN0002829,0.0922,0,LOW
LN0009243,0.9696,1,HIGH
LN0013152,0.195,0,LOW
LN0001779,0.7361,1,HIGH
LN0014855,0.0849,0,LOW
LN0017436,0.2349,0,LOW
LN0001915,0.9833,1,HIGH
LN0004409,0.9824,1,HIGH
LN0000383,0.9552,1,HIGH
LN0013661,0.9424,1,HIGH
LN0009075,0.1194,0,LOW
LN0014317,0.0813,0,LOW
LN0010668,0.0858,0,LOW
LN0001208,0.8558,1,HIGH
LN0016694,0.5298,0,MEDIUM
LN0001921,0.9037,1,HIGH
LN0000923,0.0917,0,LOW
LN0002199,0.1227,0,LOW
LN0017940,0.5758,0,MEDIUM
LN0014872,0.9449,1,HIGH
LN0013690,0.4059,0,MEDIUM
LN0007354,0.1455,0,LOW
LN0003561,0.9593,1,HIGH
LN0002177,0.543,0,MEDIUM
LN0005635,0.1552,0,LOW
LN0016199,0.9154,1,HIGH
LN0009169,0.956,1,HIGH
LN0002429,0.1198,0,LOW
LN0015568,0.5048,0,MEDIUM
LN0015806,0.0732,0,LOW
LN0013132,0.1487,0,LOW
LN0014003,0.0799,0,LOW
LN0002694,0.7249,1,HIGH
LN0017891,0.5721,0,MEDIUM
LN0014139,0.164,0,LOW
LN0016515,0.4259,0,MEDIUM
LN0017060,0.3192,0,LOW
LN0010571,0.8455,1,HIGH
LN0010041,0.172,0,LOW
LN0002673,0.0915,0,LOW
LN0017816,0.2025,0,LOW
LN0005824,0.08,0,LOW
LN0014483,0.3937,0,MEDIUM
LN0006353,0.1873,0,LOW
LN0003833,0.1362,0,LOW
LN0014566,0.0921,0,LOW
LN0003217,0.1354,0,LOW
LN0012380,0.4697,0,MEDIUM
LN0014424,0.5321,0,MEDIUM
LN0014556,0.8979,1,HIGH
LN0011308,0.7602,1,HIGH
LN0010828,0.2906,0,LOW
LN0000530,0.1845,0,LOW
LN0010278,0.127,0,LOW
LN0003668,0.4641,0,MEDIUM
LN0014140,0.4276,0,MEDIUM
LN0002788,0.2347,0,LOW
LN0012279,0.1876,0,LOW
LN0014084,0.0615,0,LOW
LN0011781,0.9504,1,HIGH
LN0012626,0.1712,0,LOW
LN0009111,0.2016,0,LOW
LN0001758,0.1433,0,LOW
LN0003250,0.1184,0,LOW
LN0006702,0.1105,0,LOW
LN0014568,0.5965,0,MEDIUM
LN0016684,0.0855,0,LOW
LN0008805,0.1265,0,LOW
LN0007456,0.1587,0,LOW
LN0017774,0.2247,0,LOW
LN0006870,0.8273,1,HIGH
LN0008059,0.9825,1,HIGH
LN0008570,0.3177,0,LOW
LN0005856,0.1062,0,LOW
LN0010755,0.4086,0,MEDIUM
LN0001160,0.1457,0,LOW
LN0003226,0.1629,0,LOW
LN0002131,0.0963,0,LOW
LN0002138,0.9705,1,HIGH
LN0012778,0.2241,0,LOW
LN0010029,0.1046,0,LOW
LN0010289,0.2943,0,LOW
LN0013453,0.3516,0,MEDIUM
LN0014968,0.0856,0,LOW
LN0001501,0.2102,0,LOW
LN0011811,0.8767,1,HIGH
LN0013410,0.896,1,HIGH
LN0011696,0.4932,0,MEDIUM
LN0016908,0.0522,0,LOW
LN0009328,0.0768,0,LOW
LN0006218,0.0872,0,LOW
LN0007598,0.1775,0,LOW
LN0002644,0.347,0,LOW
LN0011239,0.1722,0,LOW
LN0001586,0.3955,0,MEDIUM
LN0008715,0.1057,0,LOW
LN0000523,0.2299,0,LOW
LN0017724,0.6766,1,HIGH
LN0010078,0.5872,0,MEDIUM
LN0011667,0.0873,0,LOW
LN0006567,0.0944,0,LOW
LN0009659,0.0949,0,LOW
LN0003914,0.2282,0,LOW
LN0009334,0.244,0,LOW
LN0011366,0.5301,0,MEDIUM
LN0011334,0.5694,0,MEDIUM
LN0016803,0.3995,0,MEDIUM
LN0014413,0.0931,0,LOW
LN0014799,0.067,0,LOW
LN0008259,0.0571,0,LOW
LN0003187,0.1956,0,LOW
LN0005277,0.1432,0,LOW
LN0017130,0.9095,1,HIGH
LN0005798,0.2326,0,LOW
LN0005064,0.2119,0,LOW
LN0008928,0.5878,0,MEDIUM
LN0001824,0.7359,1,HIGH
LN0006797,0.2421,0,LOW
LN0001561,0.4101,0,MEDIUM
LN0012110,0.9792,1,HIGH
LN0001000,0.0928,0,LOW
LN0017377,0.4618,0,MEDIUM
LN0014190,0.1718,0,LOW
LN0001736,0.188,0,LOW
LN0000375,0.9756,1,HIGH
LN0003484,0.8783,1,HIGH
LN0015711,0.1911,0,LOW
LN0010662,0.9824,1,HIGH
LN0003552,0.0799,0,LOW
LN0000343,0.2368,0,LOW
LN0017950,0.2319,0,LOW
LN0011971,0.1606,0,LOW
LN0016911,0.1255,0,LOW
LN0010345,0.1792,0,LOW
LN0013297,0.3834,0,MEDIUM
LN0013747,0.6352,1,HIGH
LN0015513,0.391,0,MEDIUM
LN0012876,0.4976,0,MEDIUM
LN0001799,0.2189,0,LOW
LN0001674,0.7264,1,HIGH
LN0017100,0.0629,0,LOW
LN0000452,0.6061,0,HIGH
LN0010404,0.6028,0,HIGH
LN0007903,0.0869,0,LOW
LN0005990,0.9713,1,HIGH
LN0010744,0.2187,0,LOW
LN0009269,0.7118,1,HIGH
LN0017951,0.122,0,LOW
LN0015637,0.267,0,LOW
LN0006469,0.2331,0,LOW
LN0011990,0.4489,0,MEDIUM
LN0007011,0.1022,0,LOW
LN0012146,0.7397,1,HIGH
LN0012758,0.4162,0,MEDIUM
LN0007231,0.1173,0,LOW
LN0007867,0.1837,0,LOW
LN0002853,0.8544,1,HIGH
LN0013320,0.0795,0,LOW
LN0002028,0.0912,0,LOW
LN0001930,0.6767,1,HIGH
LN0013850,0.2317,0,LOW
LN0014900,0.101,0,LOW
LN0015969,0.8234,1,HIGH
LN0010189,0.1381,0,LOW
LN0010750,0.5131,0,MEDIUM
LN0014838,0.978,1,HIGH
LN0008572,0.1314,0,LOW
LN0003714,0.1095,0,LOW
LN0005942,0.2726,0,LOW
LN0011768,0.1405,0,LOW
LN0003055,0.9673,1,HIGH
LN0008660,0.0633,0,LOW
LN0016349,0.9621,1,HIGH
LN0004959,0.646,1,HIGH
LN0002093,0.1292,0,LOW
LN0013913,0.4532,0,MEDIUM
LN0009263,0.87,1,HIGH
LN0015772,0.9014,1,HIGH
LN0008308,0.9426,1,HIGH
LN0003174,0.0728,0,LOW
LN0017575,0.9537,1,HIGH
LN0017277,0.1183,0,LOW
LN0001780,0.9721,1,HIGH
LN0000540,0.0887,0,LOW
LN0013754,0.1514,0,LOW
LN0008683,0.1939,0,LOW
LN0003374,0.072,0,LOW
LN0005773,0.5989,0,MEDIUM
LN0005686,0.0899,0,LOW
LN0006417,0.5384,0,MEDIUM
LN0006646,0.9314,1,HIGH
LN0007254,0.9429,1,HIGH
LN0017378,0.0581,0,LOW
LN0001690,0.0959,0,LOW
LN0014603,0.7248,1,HIGH
LN0015903,0.2349,0,LOW
LN0009589,0.7555,1,HIGH
LN0005572,0.872,1,HIGH
LN0009102,0.1394,0,LOW
LN0017454,0.6555,1,HIGH
LN0008633,0.981,1,HIGH
LN0004006,0.6849,1,HIGH
LN0001907,0.4315,0,MEDIUM
LN0017195,0.4048,0,MEDIUM
LN0014777,0.0917,0,LOW
LN0007910,0.9025,1,HIGH
LN0014717,0.9744,1,HIGH
LN0016708,0.9451,1,HIGH
LN0002598,0.9108,1,HIGH
LN0007928,0.2998,0,LOW
LN0009112,0.9718,1,HIGH
LN0012969,0.8946,1,HIGH
LN0017215,0.978,1,HIGH
LN0009716,0.2499,0,LOW
LN0007606,0.0806,0,LOW
LN0015586,0.1794,0,LOW
LN0010341,0.203,0,LOW
LN0017582,0.1489,0,LOW
LN0003490,0.3666,0,MEDIUM
LN0002205,0.5412,0,MEDIUM
LN0000392,0.7707,1,HIGH
LN0012719,0.0896,0,LOW
LN0008003,0.9705,1,HIGH
LN0009303,0.1686,0,LOW
LN0013319,0.9681,1,HIGH
LN0009960,0.1129,0,LOW
LN0016148,0.0673,0,LOW
LN0004319,0.8311,1,HIGH
LN0007951,0.0846,0,LOW
LN0001017,0.7343,1,HIGH
LN0009803,0.2094,0,LOW
LN0004663,0.1466,0,LOW
LN0007295,0.937,1,HIGH
LN0013630,0.7284,1,HIGH
LN0000698,0.4093,0,MEDIUM
LN0011529,0.9772,1,HIGH
LN0011024,0.1307,0,LOW
LN0011394,0.6679,1,HIGH
LN0013565,0.2301,0,LOW
LN0011917,0.1414,0,LOW
LN0012914,0.4854,0,MEDIUM
LN0007322,0.0799,0,LOW
LN0017094,0.7297,1,HIGH
LN0014865,0.3651,0,MEDIUM
LN0016735,0.1234,0,LOW
LN0014850,0.0708,0,LOW
LN0011182,0.4943,0,MEDIUM
LN0015853,0.1939,0,LOW
LN0016791,0.094,0,LOW
LN0009326,0.1316,0,LOW
LN0005963,0.196,0,LOW
LN0002422,0.3926,0,MEDIUM
LN0000175,0.1456,0,LOW
LN0002286,0.2734,0,LOW
LN0009742,0.0543,0,LOW
LN0011463,0.2558,0,LOW
LN0001059,0.9755,1,HIGH
LN0005499,0.9116,1,HIGH
LN0009199,0.3906,0,MEDIUM
LN0009794,0.6664,1,HIGH
LN0012384,0.0901,0,LOW
LN0005927,0.5332,0,MEDIUM
LN0001131,0.0756,0,LOW
LN0009155,0.9432,1,HIGH
LN0006872,0.0938,0,LOW
LN0007001,0.084,0,LOW
LN0013236,0.7246,1,HIGH
LN0003437,0.1922,0,LOW
LN0007544,0.9835,1,HIGH
LN0008134,0.0855,0,LOW
LN0001450,0.0876,0,LOW
LN0006535,0.111,0,LOW
LN0009952,0.9719,1,HIGH
LN0016980,0.4322,0,MEDIUM
LN0001975,0.4609,0,MEDIUM
LN0012744,0.2183,0,LOW
LN0016771,0.6231,0,HIGH
LN0010113,0.4196,0,MEDIUM
LN0012997,0.0727,0,LOW
LN0007155,0.9614,1,HIGH
LN0015946,0.297,0,LOW
LN0010351,0.1976,0,LOW
LN0017993,0.1274,0,LOW
LN0016652,0.8054,1,HIGH
LN0012046,0.1804,0,LOW
LN0005234,0.1294,0,LOW
LN0010198,0.1636,0,LOW
LN0016922,0.8138,1,HIGH
LN0017362,0.1449,0,LOW
LN0001482,0.1521,0,LOW
LN0014810,0.6789,1,HIGH
LN0016711,0.4831,0,MEDIUM
LN0016612,0.1625,0,LOW
LN0005843,0.1025,0,LOW
LN0002661,0.2476,0,LOW
LN0008552,0.6001,0,HIGH
LN0002558,0.051,0,LOW
LN0014936,0.2948,0,LOW
LN0017026,0.0919,0,LOW
LN0010887,0.1555,0,LOW
LN0011812,0.1231,0,LOW
LN0006029,0.3119,0,LOW
LN0009370,0.4578,0,MEDIUM
LN0000515,0.8453,1,HIGH
LN0016383,0.9565,1,HIGH
LN0006141,0.1039,0,LOW
LN0005056,0.1698,0,LOW
LN0010560,0.0918,0,LOW
LN0004758,0.0673,0,LOW
LN0012595,0.4794,0,MEDIUM
LN0000233,0.9195,1,HIGH
LN0014487,0.1412,0,LOW
LN0017821,0.18,0,LOW
LN0007032,0.0677,0,LOW
LN0008906,0.0889,0,LOW
LN0017885,0.1626,0,LOW
LN0014358,0.5527,0,MEDIUM
LN0012513,0.4973,0,MEDIUM
LN0002876,0.5931,0,MEDIUM
LN0004518,0.1405,0,LOW
LN0014997,0.1265,0,LOW
LN0005669,0.8251,1,HIGH
LN0000295,0.9654,1,HIGH
LN0007805,0.2861,0,LOW
LN0010517,0.2768,0,LOW
LN0007148,0.9451,1,HIGH
LN0003068,0.1767,0,LOW
LN0009525,0.1635,0,LOW
LN0004136,0.4026,0,MEDIUM
LN0004896,0.1428,0,LOW
LN0004643,0.4896,0,MEDIUM
LN0005087,0.4381,0,MEDIUM
LN0013965,0.1267,0,LOW
LN0014444,0.1441,0,LOW
LN0004091,0.0879,0,LOW
LN0006427,0.837,1,HIGH
LN0017275,0.8423,1,HIGH
LN0007369,0.9518,1,HIGH
LN0013624,0.5224,0,MEDIUM
LN0017967,0.1111,0,LOW
LN0015476,0.414,0,MEDIUM
LN0001843,0.2316,0,LOW
LN0004556,0.7081,1,HIGH
LN0010146,0.2769,0,LOW
LN0002635,0.2096,0,LOW
LN0006318,0.6583,1,HIGH
LN0011661,0.3497,0,LOW
LN0010553,0.133,0,LOW
LN0002552,0.1821,0,LOW
LN0002744,0.5213,0,MEDIUM
LN0005111,0.1897,0,LOW
LN0001987,0.5608,0,MEDIUM
LN0006451,0.3163,0,LOW
LN0016719,0.0776,0,LOW
LN0010454,0.6929,1,HIGH
LN0006008,0.2218,0,LOW
LN0012846,0.3082,0,LOW
LN0011874,0.0931,0,LOW
LN0000203,0.1937,0,LOW
LN0014491,0.948,1,HIGH
LN0010143,0.4516,0,MEDIUM
LN0003557,0.9412,1,HIGH
LN0004431,0.6408,1,HIGH
LN0002965,0.4515,0,MEDIUM
LN0010462,0.1333,0,LOW
LN0006739,0.2259,0,LOW
LN0006723,0.2093,0,LOW
LN0011852,0.2439,0,LOW
LN0014083,0.1011,0,LOW
LN0017923,0.077,0,LOW
LN0010894,0.121,0,LOW
LN0015960,0.108,0,LOW
LN0017160,0.2326,0,LOW
LN0016703,0.3232,0,LOW
LN0005694,0.5664,0,MEDIUM
LN0012520,0.9828,1,HIGH
LN0005755,0.1516,0,LOW
LN0004918,0.1532,0,LOW
LN0005783,0.6958,1,HIGH
LN0017706,0.0983,0,LOW
LN0007264,0.093,0,LOW
LN0006053,0.1894,0,LOW
LN0010622,0.1316,0,LOW
LN0000156,0.3876,0,MEDIUM
LN0014762,0.4556,0,MEDIUM
LN0010524,0.972,1,HIGH
LN0008965,0.9479,1,HIGH
LN0012298,0.7352,1,HIGH
LN0005286,0.971,1,HIGH
LN0001498,0.4651,0,MEDIUM
LN0014345,0.0867,0,LOW
LN0016970,0.1521,0,LOW
LN0006820,0.1196,0,LOW
LN0005930,0.1207,0,LOW
LN0010707,0.0726,0,LOW
LN0006789,0.276,0,LOW
LN0011557,0.8835,1,HIGH
LN0004854,0.1431,0,LOW
LN0015617,0.3916,0,MEDIUM
LN0015712,0.1825,0,LOW
LN0015817,0.1301,0,LOW
LN0007764,0.4619,0,MEDIUM
LN0005591,0.9786,1,HIGH
LN0007366,0.1379,0,LOW
LN0003238,0.6598,1,HIGH
LN0001937,0.4242,0,MEDIUM
LN0000620,0.1334,0,LOW
LN0003244,0.9816,1,HIGH
LN0001378,0.1461,0,LOW
LN0013412,0.2047,0,LOW
LN0002950,0.1801,0,LOW
LN0016032,0.4858,0,MEDIUM
LN0017372,0.6752,1,HIGH
LN0015560,0.0932,0,LOW
LN0016631,0.862,1,HIGH
LN0010007,0.1814,0,LOW
LN0001735,0.0717,0,LOW
LN0013482,0.9043,1,HIGH
LN0004134,0.9334,1,HIGH
LN0003677,0.2534,0,LOW
LN0017635,0.0975,0,LOW
LN0012872,0.1321,0,LOW
LN0017264,0.9699,1,HIGH
LN0010897,0.0796,0,LOW
LN0001297,0.1342,0,LOW
LN0016209,0.1076,0,LOW
LN0015253,0.4073,0,MEDIUM
LN0002703,0.2492,0,LOW
LN0004842,0.1246,0,LOW
LN0007902,0.9752,1,HIGH
LN0015037,0.2727,0,LOW
LN0017900,0.9421,1,HIGH
LN0008637,0.9562,1,HIGH
LN0014597,0.3472,0,LOW
LN0003912,0.7353,1,HIGH
LN0008131,0.9458,1,HIGH
LN0008708,0.7351,1,HIGH
LN0010936,0.0909,0,LOW
LN0009520,0.2141,0,LOW
LN0013560,0.1501,0,LOW
LN0001301,0.1181,0,LOW
LN0005912,0.0866,0,LOW
LN0006145,0.1237,0,LOW
LN0003745,0.0885,0,LOW
LN0014446,0.9814,1,HIGH
LN0012168,0.5325,0,MEDIUM
LN0006594,0.2029,0,LOW
LN0012542,0.5225,0,MEDIUM
LN0003381,0.8754,1,HIGH
LN0012503,0.5889,0,MEDIUM
LN0005576,0.4962,0,MEDIUM
LN0017743,0.9829,1,HIGH
LN0016322,0.8873,1,HIGH
LN0004110,0.7433,1,HIGH
LN0000083,0.0821,0,LOW
LN0006644,0.9089,1,HIGH
LN0006772,0.2754,0,LOW
LN0002015,0.2568,0,LOW
LN0014572,0.9657,1,HIGH
LN0012181,0.9295,1,HIGH
LN0002801,0.1944,0,LOW
LN0012184,0.7661,1,HIGH
LN0006550,0.123,0,LOW
LN0013324,0.1123,0,LOW
LN0012331,0.1939,0,LOW
LN0004153,0.0926,0,LOW
LN0009818,0.1723,0,LOW
LN0004500,0.1674,0,LOW
LN0005451,0.461,0,MEDIUM
LN0006808,0.2905,0,LOW
LN0008089,0.1886,0,LOW
LN0005395,0.4664,0,MEDIUM
LN0008039,0.0813,0,LOW
LN0013974,0.1019,0,LOW
LN0001475,0.1359,0,LOW
LN0017779,0.6992,1,HIGH
LN0004018,0.4601,0,MEDIUM
LN0012599,0.1769,0,LOW
LN0014698,0.5656,0,MEDIUM
LN0013032,0.0898,0,LOW
LN0010231,0.4513,0,MEDIUM
LN0004704,0.4461,0,MEDIUM
LN0009601,0.0747,0,LOW
LN0004938,0.6185,0,HIGH
LN0000370,0.9444,1,HIGH
LN0006242,0.5359,0,MEDIUM
LN0013717,0.8822,1,HIGH
LN0005680,0.8946,1,HIGH
LN0010210,0.1085,0,LOW
LN0004168,0.1089,0,LOW
LN0000561,0.0873,0,LOW
LN0005623,0.1788,0,LOW
LN0011887,0.9649,1,HIGH
LN0010358,0.9767,1,HIGH
LN0003684,0.0666,0,LOW
LN0013999,0.8101,1,HIGH
LN0005593,0.2936,0,LOW
LN0001308,0.069,0,LOW
LN0006745,0.1326,0,LOW
LN0009912,0.106,0,LOW
LN0012858,0.3391,0,LOW
LN0005424,0.1765,0,LOW
LN0015369,0.0675,0,LOW
LN0016261,0.1085,0,LOW
LN0004967,0.8103,1,HIGH
LN0017288,0.0835,0,LOW
LN0014537,0.0918,0,LOW
LN0017124,0.0956,0,LOW
LN0005085,0.1293,0,LOW
LN0009299,0.928,1,HIGH
LN0001170,0.1379,0,LOW
LN0002006,0.4108,0,MEDIUM
LN0015742,0.3706,0,MEDIUM
LN0005052,0.2342,0,LOW
LN0016449,0.3904,0,MEDIUM
LN0013227,0.1144,0,LOW
LN0015228,0.2281,0,LOW
LN0013809,0.4064,0,MEDIUM
LN0004364,0.5018,0,MEDIUM
LN0008771,0.7979,1,HIGH
LN0001197,0.9772,1,HIGH
LN0011746,0.3554,0,MEDIUM
LN0005417,0.1525,0,LOW
LN0003936,0.5581,0,MEDIUM
LN0012907,0.1011,0,LOW
LN0016953,0.1368,0,LOW
LN0017733,0.2342,0,LOW
LN0011600,0.805,1,HIGH
LN0002497,0.2019,0,LOW
LN0017584,0.3696,0,MEDIUM
LN0007058,0.9812,1,HIGH
LN0016315,0.098,0,LOW
LN0013194,0.8449,1,HIGH
LN0007433,0.2919,0,LOW
LN0006433,0.1151,0,LOW
LN0006722,0.7302,1,HIGH
LN0009583,0.1278,0,LOW
LN0008997,0.276,0,LOW
LN0008176,0.4176,0,MEDIUM
LN0007939,0.3636,0,MEDIUM
LN0005375,0.3077,0,LOW
LN0008104,0.1142,0,LOW
